text,label,predicted_label,predicted_probability
android marshmallow <number> . <number> . <number> won't let me log on the by existing account just keeps saying setting up bbm please fix,negative,negative,0.5571466088294983
map animation stopped working,negative,negative,0.7605935335159302
"good, but slow workflow.",positive,neutral,0.5509876012802124
nice app to use with friends,neutral,positive,0.8753413558006287
"i love this app, but i wish they had more outfit selections for maternity. other than that it's pretty awesome.",positive,positive,0.9185618162155151
radar in motion won't work.,negative,negative,0.9677414298057556
only opened <number> st <number> th pages of <url>,negative,negative,0.7715125679969788
when i was being rained on it said no rain in your <url> it is still a good weather app.,neutral,neutral,0.6353188753128052
everthing is tought before its use,neutral,neutral,0.5018810629844666
good content. worth downloading,neutral,positive,0.7559263110160828
"it's a great and fun app for emoji use, i like the customization. but there needs to be more clothing and style options. i feel like there needs to be styles with clothing and hair, such as punk, goth, rocker, traditional, futuristic, fairy, and many more. other than wanting more styles to choose from this app is great",positive,positive,0.903212308883667
"wow, this is a terrible app. no open dialog or page goto. i had expected better from an actual adobe app.",negative,negative,0.971777617931366
i m fed of this <url> has posted it add every where,negative,neutral,0.4989969730377197
it is very usefull browser,positive,positive,0.8108773231506348
its a bit slow vs thinking office and also text anti aliasing is bad,neutral,neutral,0.8447713255882263
"it was great for me and the owner was very nice to us.,but the price change when i pay from <number> to <number>",neutral,neutral,0.5582728385925293
provide some good <url> the only bad thing about this app is lack of good <url> hope you make it <url>,neutral,neutral,0.5011817216873169
problem with saving large photos plz fix ir,neutral,neutral,0.6979354619979858
its a good app but we dont have a night mode option for reading in which the background becomes black and text becomes white in color.,positive,neutral,0.8611807227134705
i hate the new version of bbm,negative,negative,0.9503322243690491
is an interesting app to use.,positive,positive,0.8760461807250977
"used to be great. now lots of issues with network. i keep getting no network errors, as failed to update errors even when signal is great, or i'm connected to my wi-fi at home.",neutral,neutral,0.5017322897911072
it always has me in virginia and i live in florida,neutral,positive,0.4868547022342682
it is the very good ape to any one download,positive,positive,0.8535659313201904
not up to the mark,neutral,neutral,0.7133690714836121
useless boring it's of no use now days just like mxit,negative,negative,0.962280809879303
very easy to use,positive,positive,0.9021544456481934
worst upadate this update dont respond whenever i access my download section so hated it.,negative,negative,0.9705573916435242
i have lots of state that i watch. my home town will not show what it feels like. all the others do. i have tried a few different things and it won't work. don't understand but it is important to me to know how cold it feels out. i can go to hourly and it tells me but should not have to! i'm uninstalling!,neutral,negative,0.5709108710289001
better and more accurate then most other weather apps.,positive,positive,0.9137954115867615
fun!!! just wish i could make one of my bf.,neutral,positive,0.7879425287246704
worthless does not open password protected pdf as stated,negative,negative,0.9585310816764832
shoddy ui and keeps logging me out,negative,negative,0.6997696161270142
"very accurate, which is important! how about a <number> x <number> widget?",positive,positive,0.7580570578575134
i like the set up.,positive,positive,0.8681780695915222
"looks interesting at initial install, however the advertisement photos and the camera lay out are different to my install on a samsung galaxy note <number> . missing too many features compared to the full pc. version, particularly tagging and indexing. camera is not as good as the original camera being on the dark side. a nice app. however adds not enough to warrant keeping. perhaps in the future updates. most notably is missing the side by side photo comparison which was the main reason for installation.",neutral,neutral,0.6536442637443542
nexus <number> and samsung s <number>,positive,negative,0.5174082517623901
"crashing. app crashes and freezes constantly. on htc one m <number> , and the app is completely broken.",negative,negative,0.9556053876876831
plz provide watermarking <url>,positive,positive,0.6431254148483276
u can download all movies in any language at movie <url> it okkk,neutral,neutral,0.7580350041389465
pls add more features for android like iphone features,neutral,positive,0.6401920318603516
nice app but when i taking picture with this app i have little problem here the range have limited only <number> - <number> meter even i set focus to infinity still can't get to it. i shoot with pro mode <url> you can fix that it will be <url>,neutral,positive,0.552699863910675
it's not a web browser. it's an ad browser,negative,negative,0.7519862651824951
a lot of a bug here,negative,negative,0.6546376943588257
shame forest starts again every day would be nice to build a huge forest like monthly or so,positive,neutral,0.6676463484764099
"this app is so fun! my friends and family love exchanging silly bitmojis in our texts. the only reason why i gave it <number> stars is because i wish there was a way for your to organize the bitmojis, so you can quickly access certain ones instead of having to scroll through them or search. also, the outfits are pretty awful. they need a little more fashion. lol however, the art and creativity in the bitmojis are terrific!",positive,positive,0.8891757130622864
i love it but we need video support!,neutral,positive,0.48349201679229736
the app is is good but,neutral,neutral,0.7834563851356506
it is taking forever to load. never had this issue before. just started a few weeks ago,neutral,negative,0.48837360739707947
map stopped animating over a week ago on my samsung galaxy s <number> . please fix. used to be the <signature>,negative,negative,0.6621106863021851
"it definitely helps me stay focused and off my phone. the one complaint i have is that when i have my phone on silent/vibrate, when i plant a tree my phone goes into standard/sounds on mode. i don't like that at all, i have it on silent for a reason.",positive,positive,0.752625048160553
one   for doing this nasty ios port,negative,neutral,0.4805327355861664
unmounted my sd card,negative,negative,0.918077290058136
why can i not delete saved locations? and ive read thtough it many times and dont see anyway at all to delte previously saved locations!!? im going to have to uninstall the app and then reinstall it to reset this location deleting issue u have!?!???,neutral,negative,0.9117183089256287
"lacks capability to browse for local file. no goto page option, <number> page documents impossible to read. no 'bookmark' to save <url> apps avail",negative,negative,0.7274399995803833
bbm is easy to use and simple way for chating to my friends and <url> !,neutral,positive,0.864324152469635
make it better please,positive,neutral,0.5486169457435608
"i liked the game as well as the concept. it would be better if it gave a sort of buzzer when time was up, and if you could add some personalization.",positive,positive,0.8179068565368652
"useful app nice app for opening documents, no adverts,easy to use and doesn't need a lot of experience",positive,positive,0.8890349268913269
easy to book and great choice and information.,positive,positive,0.9315168261528015
never trust earth networks again,negative,negative,0.9404505491256714
what happened to the elite version i paid for?,negative,negative,0.9466413259506226
lots of problems with the map,neutral,neutral,0.5074772834777832
simple and easy to use,positive,positive,0.8776858448982239
"enjoyed the app until the <url> then the ticker quit <url> the pop up ads in the ticker are annoying. when you get all that shut off in settings, it works great!",positive,positive,0.61196368932724
radar does not work. will not stay on my home city.,negative,negative,0.9638192057609558
it would be nice if it was in different languages.,neutral,positive,0.500228762626648
some tools can be available and improved without having to open an account or sign in each time like with drive but in general is pretty useful and have good features also please create the bin icon instead of the <number> dots and once you choose a file you can't delete only if you go back,positive,positive,0.7600846886634827
"i love it! however, i do a lot of work on my phone and so i would like an option to run the app while using my phone, without it killing a tree!",positive,positive,0.8730286359786987
good app easy to use. the lens correction function doesn't seem to work though. but maybe i am unaware of how it's supposed to work.,positive,positive,0.5374624133110046
there should be feature by which we can see who saw my message in a group and who doesn't. like we have in what's app,positive,neutral,0.4955109655857086
"can we get this to, somehow, plant an actual tree? say, for a certain amount of trees grown succesfully a tree gets planted at some forest in need.",negative,positive,0.5261639356613159
contains alot of ads,positive,neutral,0.7103386521339417
can't search area,negative,negative,0.7459886074066162
good app for team communications,positive,positive,0.8350799083709717
stopped showing up in my status bar,neutral,neutral,0.4756755530834198
use it for studying,positive,positive,0.8950395584106445
too much ads i dont want uc news stop showing me ads to download uc news,negative,negative,0.8518240451812744
installed this app on my zt <number> tablet but wont work annoying!,negative,negative,0.9518352746963501
the tree does not die no matter which app i <url> i have tried every setting possible but it doesnot <url>,negative,negative,0.5443981289863586
i love  this app,positive,negative,0.4050266742706299
need to have female and males,neutral,neutral,0.6204418540000916
add tick tick clock sound in it,positive,positive,0.6960657238960266
the radar won't work with samsung galaxy s <number> . so lame,negative,negative,0.9504594802856445
great app. and loads pdf docs faster than many other apps,positive,positive,0.9027624130249023
"fun app! wish i could draw some added details, but fun anyway.",positive,positive,0.7908193469047546
pretty cool app to have.,positive,positive,0.8265529870986938
"clumsy auto-import, but great overall",positive,positive,0.49185726046562195
useless without raw support,negative,negative,0.9647868275642395
tried to use it for my team at work but they just wanted to use the whatsapp groups they currently do which is basically the same thing.,neutral,neutral,0.5599679946899414
i think this a smart browser but opera mini fast then uc but good effort by devolpers,positive,positive,0.6627912521362305
i am facing problem while using it needed to work on user interface its getting slow and hangs sometimes,neutral,neutral,0.5552672147750854
"it's an ok app, compared to whatsapp and line messenger",neutral,neutral,0.652816653251648
"won't open any .pdf files on my tmo vibrant (bionix <number> . <number> ), useless.",negative,negative,0.9690747857093811
can you fix the quality of display picture,positive,neutral,0.7050355076789856
can't move app to sd card,neutral,neutral,0.4859202206134796
good app but more facilities we exprcted,neutral,neutral,0.5125993490219116
app works great. consider changing the red triangular notification to a solid red color in the notification bar in android. on my note <number> it appears as transparent in the notification bar at the top.,positive,positive,0.7460063099861145
plz update it it stick in the loading screen forever,negative,neutral,0.5410263538360596
i like it but i wish there were more things and i wish we could customize shirts and stuff,positive,positive,0.8809812068939209
my messages aren't going through to anyone. please fix immediately.,neutral,neutral,0.5152504444122314
"i love it, but i'll select one to use and then it will show the new one sent, but a short time later, it will show that i resent an old one, not the one i just selected.",neutral,positive,0.8213067054748535
my radar has stopped working! i've never had a problem with it until today please fix!,negative,negative,0.9314051270484924
working properly for awhile and crashes later on,neutral,neutral,0.5265596508979797
"a well-crafted, simple app",positive,positive,0.8974040150642395
it was okay at the start and got me focussed but my phone's screen timed out and locked and then my tree withered. please fix this,negative,neutral,0.746463418006897
it's pretty useful!,positive,positive,0.8270487189292908
why can my friends get the bitmojis with two people but i can't? frustrated.,neutral,neutral,0.6374773979187012
remove obscene quotes and gestures,negative,neutral,0.6190891265869141
pretty good. app wish it let you face scan yourself.,positive,positive,0.8532581925392151
very good but crashes often,neutral,positive,0.7376375198364258
"lacking lens correction and blur features, otherwise i'd love it. please consider adding these, otherwise i'll have to use photo mate r <number> , cause while it doesn't have blur feature's it has great lens correction features so i can get my chromatic aberration effect : <number>",positive,positive,0.670581042766571
the animation stopped working please fix!,negative,negative,0.8582941293716431
goood one no one can see images unless u do hd,positive,negative,0.585883617401123
the app lags and consume lots of space.,negative,neutral,0.5040031671524048
"great app, using for an <url> but, could it be upgraded with the feature 'desktop mode' ?",positive,positive,0.727872371673584
it was good before,neutral,neutral,0.6804081797599792
i like the old spark better it was more accurate cuz it told you exactly how many miles away the lightning was now you gotta zoom in on the map just to see in a round about ways of where the lightning <url>,neutral,positive,0.5573875308036804
"i really like it, but for a while now it hasn't been making my tree die when i touch my phone. also, after completing a set amount of time there's another number underneath my tree. i can't figure out what this means.",positive,neutral,0.5512748956680298
annoying buttons below the chat text box.,neutral,neutral,0.7281401753425598
i like this app for esuy to watch movie,positive,positive,0.8203939199447632
"aaa please tell me why it doesnt show my cherry blossom <url> i just unlocked it with <number> coins, and i cant find it to grow it. arghh its frustrating.",neutral,negative,0.48074114322662354
needs to save where you last left off thats all it needs <number> stars when it updates,neutral,neutral,0.6140679121017456
the app draws the mobile addict in you and plays with his/her psyche.,positive,positive,0.7311739325523376
it is helpful for fast downloading,positive,positive,0.8097143769264221
hard to access emojis/sticker,positive,negative,0.7210549712181091
why this app has become so big? earlier it used to be only <number> mbs now its <number> . please reduce the size. <signature>,neutral,neutral,0.6078784465789795
directions make no sense,negative,negative,0.68365478515625
great app for photography but,neutral,positive,0.675095796585083
why can't they fix these issues,neutral,negative,0.5112506151199341
not working with whats app,negative,negative,0.9377716183662415
you have to put the search option in the app,positive,neutral,0.6464738249778748
"its very usefull, also good <url> !!!",positive,positive,0.8929557800292969
"its good. but the problem is whenever i charge my phone, and the forest app has been running, the moment the charging the moment the tree died. and i do not get a single coin. lol is not my fault that the tree died, but what i got-o coins and a dead tree.",neutral,neutral,0.8036935925483704
tel me what to do,positive,neutral,0.600890040397644
some websites say i don't have adobe even though i have this loaded.,neutral,negative,0.4822434186935425
it is easy to find your distination but there is always a less price,neutral,neutral,0.5431515574455261
i havent many friends here,positive,negative,0.5532121062278748
"would like updates on the sun over a <number> hour loop, as well as wind maps, water temps. but one of the <signature>",positive,positive,0.8552973866462708
where are the local adjustments?,positive,neutral,0.7078187465667725
very easy to <url>,neutral,positive,0.8854086995124817
easy to use very good deal.,positive,positive,0.9258756041526794
this app doesnt want to sign me up,neutral,negative,0.966757595539093
always showing install even it has already installed,positive,positive,0.5396745204925537
the zooming feature is slow and consequently difficult to use.,neutral,neutral,0.7204680442810059
great tool for on the go!,positive,positive,0.9098416566848755
raw format not supported,neutral,neutral,0.6500639319419861
"it's a cool thing to have, but it won't sync up with the mozilla addon",positive,neutral,0.824592649936676
great app but keeps crashing,neutral,neutral,0.5213600397109985
"bbm is good ,hate the adverts",positive,neutral,0.7384935021400452
how about a tablet ui?,neutral,neutral,0.6735044717788696
prefer the website more,neutral,neutral,0.720919132232666
"good design. hope the plant real trees is a true story! also, why the highest ranking people are mostly asian? should expand your customers",positive,positive,0.8261952996253967
"i am not disappointed, but pixlr is still a way better software.",neutral,neutral,0.7261557579040527
"i love playing with bitmojis. the clothes in the personalization could use some updating, though. very little are things i'd ever actually wear. it would also be nice to add friends directly on the app to interact with their own bitmojis outside of snapchat.",positive,positive,0.9101793766021729
i love it. i just wish i could delete images that i find offensive and would never use.,positive,positive,0.8314341902732849
i think in the new update they let you color customize any hair style and let you put cuts in your eyebrows.,positive,positive,0.840542197227478
automatically resizes with no way to change!!,negative,negative,0.9609174132347107
don't like the new update,positive,neutral,0.5524820685386658
i like my bbm now . <signature>,positive,positive,0.8764812350273132
no more trees since update. just shrubs :'(,positive,neutral,0.5317359566688538
would not updated on my phone and i tried like <number> times,negative,neutral,0.6206507086753845
"needs more body shapes and sizes, as well as face lines around nose/cheeks",positive,neutral,0.6125843524932861
took away floating head in txt,negative,negative,0.7927874326705933
stopped working on my phone since the last update. will bring rating up when the problem is fixed.,negative,negative,0.6827220320701599
works well. most of my pdf files require me to enter a username and password. this app will not allow me to. any chance of adding that?,neutral,neutral,0.6915232539176941
"it's <url> ,add select area <url> mean make selection by <url>",neutral,positive,0.7843837738037109
app doesn't always work. temp won't show in n status bar. doesn't keep track of moving locations,neutral,negative,0.8731547594070435
i hate this update,negative,negative,0.9635828137397766
new updates are beyond worse,negative,negative,0.47378742694854736
where is wbug elite i paid for???,negative,negative,0.9488612413406372
make the time lapse between editing each feature shorter,positive,neutral,0.777462899684906
add one more feature,positive,positive,0.7553138136863708
the app was useful but avg virus scanner said it contains malware so i'm uninstalling to be safe,negative,neutral,0.7343978881835938
i couldn't open it.,negative,negative,0.9303399324417114
i think that uc is very nice,neutral,positive,0.6970829963684082
mis the original bbm,negative,negative,0.7117728590965271
new ui tanks usability,negative,positive,0.5609732866287231
this app is so good,positive,neutral,0.49461138248443604
doesn't work on my htc droid eris!! can't open pdf attached emails. uninstalling!!,negative,negative,0.9648735523223877
it's very good app for android mobile s,positive,positive,0.8586844801902771
temp is all wrong,neutral,negative,0.9284153580665588
id's easy to use and very helpful,positive,positive,0.9048263430595398
"it seems everytime we're about to get severe weather, the app stops working. radar doesn't work, storm tracking doesn't <url> most critical time for something to work is during or before a storm, such as we're supposed to get today. this app works great on bright, sunny <url> 't depend on it if a storm is brewing though. it will quit working on you.",neutral,negative,0.593508243560791
i guess its just the world i live in???,negative,neutral,0.5788352489471436
just an idea. when editing/creating my bitmoji i think it'd be neat to have the option to mix and match parts of different outfits together or even change colours of parts.,positive,positive,0.6788073778152466
app is good. no weather forecast is <url> very vague predictions.,positive,neutral,0.8190388083457947
cannot attach pictures to reviews,neutral,neutral,0.6732276678085327
great weather app! easy to use and quick to load. only wish it was easy to find a forecast video on it.,positive,positive,0.9181520342826843
issue on local wifi,neutral,neutral,0.5384247899055481
i dont like this app,negative,negative,0.9159442186355591
on the right track,positive,neutral,0.5468681454658508
best app for browsing,positive,positive,0.896841824054718
needs a dark mode for the notification bar. hate the bright white glaring at me.,positive,neutral,0.796867311000824
"good app, but it doesn't support gif in android",positive,neutral,0.8675933480262756
<salutation> i tried to sign in and i gave my email and password and from u a email also came but what next to <url> tried to click check again and continue but nothing happened,positive,negative,0.6561169028282166
been using for several months now as a communication tool for various members of a nonprofit organization. it's only downfall that i can see are the occasional missed update alert and that there is no notification badge on the icon.,positive,positive,0.6305370330810547
works for what i need,positive,positive,0.8583600521087646
it's saying it's not up to date so i can't view my file. -htc evo,neutral,neutral,0.7229812145233154
when you know how to use it it's pretty fun and useful same with adobe photoshop touch i have a ton of fun with that but you just have to know how to use it or it will not be fun that's why people are reading it for star i read it <number> stars i love it but only because i know how to use it,positive,positive,0.6540431976318359
best app ever ( my opinion),negative,positive,0.8244110941886902
doesn't tie your account to gmail - so every new phone (or reflash) you have to retype <url>,negative,negative,0.8691625595092773
great application for team collaboration,positive,positive,0.9257782101631165
"crash easily,make my phone <url> its a great <url> u!",positive,positive,0.44670218229293823
the menu bar above keyboard is annoying,positive,neutral,0.7291722893714905
it's an essential tool.,positive,positive,0.9045068025588989
this bbm doesnt work properly with the samsung notebook <number> . it is always showing limited bbm access. pls fix this,neutral,negative,0.8614662885665894
"unless i open the app, i get no notifications even when my name is mentioned",negative,negative,0.8491911888122559
it's good app but need more apps related chat process,positive,positive,0.545306384563446
"doesn't open all pdfs. i do a lot of work dealing with architectural plans. this does not render all of the pdfs (some open fine, others open blank).",negative,negative,0.6649534702301025
quick way to book a motel when you need too,neutral,positive,0.691100537776947
can get out of the app by home button and use your <url> timer runs in the <url>,neutral,neutral,0.6503891348838806
"honestly a joke compared to the desktop version of lightroom. i have one of the most powerful phones in existence and this app can't even scroll without lagging. i reinstalled today, <number> months later to find not only has nothing changed but my trial has expired and i now need to pay to use a laggy gimped version of software i already own.",negative,neutral,0.6384797692298889
better for <url> !!!! you will try <url> !!!!,neutral,neutral,0.5632120966911316
backup feature was awesome,positive,positive,0.5375738739967346
amazing to use this one like superb,positive,positive,0.9027280807495117
i can't post on any website.,neutral,negative,0.8396567106246948
want some other features,neutral,neutral,0.6534668803215027
this app is not user friendly,neutral,negative,0.9203416705131531
force closes <number> / <number> !,negative,negative,0.7629125714302063
what a waste of this apps effort the image meta data are always show false info when export image to gallery,negative,negative,0.9673183560371399
it's a nic app n helpful <url>,positive,positive,0.7346509099006653
how to change time ??,neutral,neutral,0.5681341290473938
it's ok but this new version is not so impressive,neutral,neutral,0.8211973905563354
this is a good movie downloader,positive,positive,0.7311976552009583
want my old avatar can't find it,negative,neutral,0.6053879261016846
best of pdf file app,positive,positive,0.8660233020782471
i would have gave <number> stars if y'all had more cute outfits for the girls to wear that is seasonal appropriate,positive,positive,0.858854353427887
was ok but i can easily use other apps when i press home,negative,neutral,0.7708727717399597
"useless. can't log in using the app at all. deleted and reinstalled several times, still no luck.",negative,negative,0.9695195555686951
"easy to use, but if i plant a tree to grow and then leave the app it doesn't die. don't know if that's a bug in the app, but knowibg it won't die once i exit the app gives me no reason to stay focused",positive,neutral,0.8044694066047668
cuts down on paper usage.,positive,negative,0.7298163175582886
<salutation> then dropped it. and now the radar animation doesn't work.,negative,negative,0.9652316570281982
"good idea, but too slow on android. much better on desktop.",negative,neutral,0.7604427933692932
"like everything about it, except that the radar animation is a little clunky.",positive,neutral,0.5421995520591736
it's the king when it comes on downloading from internet i really appreciate it,positive,positive,0.8313157558441162
"i'm using uc browser from many years and its was amazing but from the last update i got, it get <url> everytime i open new site, it shows an error everytime. please fix this.",neutral,neutral,0.5949022173881531
cant install this app on my s <number> . error cant install in default location,negative,negative,0.9592037200927734
needs to include precipitation estimates,neutral,neutral,0.7977295517921448
new version is a step back,negative,neutral,0.48043695092201233
great but watch little bug,neutral,positive,0.8464105129241943
i love this app.,positive,positive,0.3919735252857208
"love the idea, and as long as i didn't touch my phone notifications and such didn't ruin my progress. however if i try to exit out of the app (to use whitelisted apps like my calculator) then it 'killed' my trees.",neutral,positive,0.6911557912826538
"my mom found this before i did! i'm <number> and even i like it. lol great for all ages. you can make it look just like you to every detail, many clothes and accessory choices, and when you want to send a text to somebody they basically have everything you might want to say to somebody in a text or to reply back to somebody in a text message. plus cute little emojis of yourself doing things.",positive,positive,0.9257048964500427
ads ads ads everywhere,neutral,negative,0.8715529441833496
has gotten a bit better since last review. i really like the lightning strike display. helps me with my lightning photos,neutral,positive,0.9025543332099915
i really enjoy it,positive,positive,0.7977559566497803
i rely on accurate radar as i work outside everyday on a golf course. the daily and the hourly forecast constantly contradict each other though now and it's hard to figure out what the actual weather will be so i can only really rely on radar.,positive,neutral,0.5921220183372498
"i enjoyed it, but the app deleted all of my purchases, such as trees and sounds",neutral,positive,0.5632451176643372
so far it's good,positive,positive,0.6033867001533508
would like some custom messages when trees are planted,positive,positive,0.6803422570228577
used to be good,negative,negative,0.7164894342422485
make category select bradcast message!,neutral,neutral,0.5061630010604858
causes allot of problems will change dates etc when making a booking. prob better off staying with web page.,negative,neutral,0.7629342079162598
reflow feature quirky. can't somehow help feeling suspicious it is bugridden inside.,negative,neutral,0.6658987402915955
i don't <url> i can't understand this appp,neutral,negative,0.9338771104812622
crashes on galaxy s,negative,negative,0.8102584481239319
force closes all the time. from a company with a good to great rep. i had expected better,negative,negative,0.7040634751319885
great <url> ruined with ads,neutral,negative,0.7379442453384399
worst experience at hotel,negative,negative,0.9693014621734619
heating and battery problem,neutral,neutral,0.47229260206222534
fed up with advertisements. oh my gosh. cannot tolerate this application anymore,negative,negative,0.8704025149345398
this is the fastest app searching mode,positive,positive,0.7376740574836731
"nice app for managing ongoing projects, teams, groups.",positive,positive,0.9275550246238708
is not allways up to date with current weather.,positive,neutral,0.8061057925224304
realy superrrr <url> saver app,positive,positive,0.4950198233127594
<number> day trial? and then creative cloud?,negative,negative,0.9155092239379883
the print button keeps shutting itself down,positive,neutral,0.4812784194946289
average performance in download,neutral,neutral,0.7660863995552063
animation on radar stopped,negative,negative,0.8922748565673828
"so far so good. surfing is made enjoyably interesting, thumb ups.",positive,positive,0.8569934964179993
bbm sucks on my galaxy s <number> mini .,negative,negative,0.899325430393219
what did i download?,negative,negative,0.7102984189987183
my favourite editing apl,positive,positive,0.873245894908905
so easy to use and appropriate advice,positive,positive,0.918922483921051
doesn't work properly.,negative,negative,0.9447270035743713
"generally good, sometimes price filter doesn't work well.",positive,positive,0.645513653755188
love this app pretty accurate,positive,positive,0.8638876080513
as much as <number> degrees off!,negative,neutral,0.4953238070011139
used to be good,negative,negative,0.7164894342422485
"this app helps me be productive, but since the update, i can't plant the trees i had previously bought.",positive,neutral,0.56068354845047
dell streak:force close sometimes. blank pages sometimes. need bookmark feature and ability to continue from last read page.,neutral,neutral,0.7606547474861145
"if your in a hurry, i'd recomed calling, it takes a wile to fill out the information.",neutral,neutral,0.7606444358825684
good but not good as web version,positive,neutral,0.7939634919166565
problems working over wi-fi,negative,neutral,0.6088933348655701
it's ads all the way,negative,negative,0.7869225740432739
no password support <url>,negative,negative,0.6514579653739929
"good, but not perfect",neutral,neutral,0.7869865298271179
i wish it would work offline,positive,neutral,0.637175977230072
cloud based apps do not work for me. with pathetic network services in our region it becomes frustrating to use. pity. will have to uninstall,negative,negative,0.9520491361618042
"so disappointed with this app! why would you delete an entire account without any warnings? see i'm not mad that you deleted my account because i had iran's ip address, i'm mad because you didn't even bothered to give me a chance to take back up of my files! do you understand how unprofessional this is? so disappointed!",negative,negative,0.9571986198425293
this app is good,positive,positive,0.6856004595756531
"slow, laggy performance. thinkfree office opens my pdfs and allows smooth transitions and zooming.",negative,neutral,0.5475858449935913
since the update the radar doesn't work <url>,negative,negative,0.9274786114692688
"like the app, but could you please remove the external storage permission when i want to take a picture? i don't like granting apps dangerous permissions and i know you don't need it if you use the file provider api. <signature>",negative,neutral,0.6413903832435608
there is no print option i can find.,neutral,neutral,0.6188910007476807
<url> the picture size on bbm group is too small sometime not clear. also incoming bbm call is not detected or not showed in galaxy gear s <number>,positive,neutral,0.6689084768295288
got stuck on trying to confirm my booking and i lost the accommodation. after that force crash. uninstall. htc desire,negative,negative,0.9685861468315125
please fix the radar,negative,negative,0.6724033355712891
"good adjustment, bad storage",neutral,neutral,0.7954273819923401
coming from adobe this is absolute garbage. fails to open pdf files. it was only <number> kb. garbage.,negative,negative,0.9697628617286682
after i updated the new bbm version always getting <url> sometime the messages pending without ceklis my friend send in the morning but the messages coming after <number> or <number> hour <url> i saw on the messages the time when he send me a messages and this made my planning <url> should i didn't upgraded <url>,negative,neutral,0.552051305770874
new update ruined the app,negative,negative,0.9572916626930237
a widget would be nice,positive,neutral,0.763359010219574
there are ads now?,neutral,negative,0.7292301654815674
difficult when on vacation,positive,neutral,0.7591143250465393
notifications are bonkers. (will give <number> once fixed),negative,neutral,0.6810666918754578
can't add new locations,neutral,neutral,0.7822122573852539
nice tool for inter-team communication,positive,positive,0.930797815322876
it's download video very fast and all other thing,positive,positive,0.8528181314468384
"veru useful app only when used with its <number> rd-party integrations, yet flock is much better alternative for having more free features.",positive,positive,0.493554025888443
doesn't <url> i'll go on other apps and the tree still <url> little i inventive to actually stay off the phone,negative,negative,0.8620348572731018
"when ever i update app,it won't work and i lost my all data many times",negative,negative,0.9608192443847656
doesn't work much! where's the <number> version???,negative,negative,0.8877617120742798
nice app fast downloading,positive,positive,0.8838345408439636
"the app is great, it's fun and helpful, tho when you click the home button, it doesn't die. you could fix that",positive,positive,0.8640607595443726
"easy to use, always <url> when you book thrue them, they will charge you too much.",neutral,positive,0.8769984841346741
there is no jump to page option so you have to flip through every single page! its a big waste of time.,negative,negative,0.9648398160934448
great and easy to use,positive,positive,0.9038228988647461
"cloud subscription, no <signature>",negative,negative,0.9222432971000671
great app to focus!,positive,positive,0.8885672688484192
pay when you arrive. err no,neutral,negative,0.8956912159919739
great apps for great team,positive,positive,0.9042115807533264
i like the appl because it connect me to a lot of people in my office,positive,positive,0.8314019441604614
can't open my bbm after updated,negative,negative,0.9049806594848633
cannot use for flash <url>,neutral,negative,0.6105864644050598
won't work with my text messages and have to start a new conversation to use it in messenger,neutral,negative,0.9427670240402222
it crashes every time,positive,negative,0.9039582014083862
great app for group family communication across multiple types of devices and countries,positive,positive,0.9245196580886841
it was great radar sucks now,negative,negative,0.9008367657661438
missing a tablet version,neutral,neutral,0.7330759763717651
the browser is used very fast connecting browser,positive,neutral,0.5860757827758789
i want a etc wallet that's all i want to invest <url>,negative,neutral,0.6314184665679932
not so much but good,positive,neutral,0.7897085547447205
well the app is kinda <url>,positive,neutral,0.5260768532752991
the program is very slow and can be unresponsive. there is no bookmake setting. pages take a very long time to load even when zooming in and out.,negative,neutral,0.6338315606117249
totally invasive and inappropriate for development. it kept people talking for every detail for hours. kill innovation and efficiency. cannot replace skype so another chat cheater. a waist of time in communication. one good point if you can make your competitors to use it. they will collapse.,negative,negative,0.9666236042976379
i love it. but i think it would be better to add angle correction as well is needed sometimes and i don't like having to use other apps to do this.,neutral,positive,0.7571617364883423
the emoticon not <url> :'(,neutral,neutral,0.6550878286361694
good app. had full version but they took it away. would like it back. radar not working. layers are not working. must be a weather bug.,neutral,neutral,0.6388275623321533
can't import my booking? what's the point of getting this app? anyone?,negative,negative,0.9182907342910767
"the app sometimes gets stuck on a certain temperature and you have to actually click on the app to get the correct temperature to pop up, but at least with this app i can actually get the <number> -day and hourly forecast pages to load which is something i can't get with accuweather. so i guess what i'm saying is it's probably the <signature>",positive,positive,0.5823463797569275
"great, but occasionally crashes",positive,positive,0.7248796820640564
"crap, takes ages to loads and lags on all docs, standard pdf viewer much better",negative,negative,0.9596138000488281
it stops working frequently,neutral,neutral,0.5218649506568909
like it more than most weather apps i've tried. would recommend!,positive,positive,0.8656014800071716
stupid trees. too much green. too cute. memory hog. deleted it.,negative,negative,0.9636227488517761
plz add readout loud feature in application,positive,positive,0.6061721444129944
"give error, stuck onopening",negative,negative,0.8972774147987366
the radar map only shows past not current,neutral,negative,0.5864161252975464
"the worst, the most bugged app that i've ever seen in my life! always crashing for no reason!",negative,negative,0.9696093201637268
this does not work with my phone i exited the app for ages and my tree still grew.,negative,negative,0.9631471633911133
the application is too slow. sometimes it just wont select the options.,neutral,neutral,0.8134452700614929
useless doesn't open email attachments on lg optimus,negative,negative,0.9678245782852173
its a very good app,positive,positive,0.7489482164382935
good up to date service,neutral,positive,0.64179927110672
luv it but u should allow us <number> make more than one character then i'll give u <number>  's,neutral,neutral,0.787369966506958
"app does what it has to do, but would it be possible to implement a harder way to cancel the growth of your tree? now it takes about <number> seconds. you could make another cancel button which you have to press for <number> minute without releasing it to unlock your phone. gives you time to think if you really need to unlock it. <signature>",neutral,neutral,0.7361810803413391
need full raw hdr for lg v <number> !!!,neutral,neutral,0.7897645235061646
it wont even let me log in!!!,negative,negative,0.9697971940040588
wouldn't search any locations.,negative,negative,0.9507660865783691
new version is not intuitive.,negative,neutral,0.6713991761207581
image previews don't work,positive,negative,0.6535064578056335
"its great, just too many ads",positive,positive,0.7206838130950928
radar has stopped working,negative,negative,0.9242203235626221
has been treating me well for years,positive,positive,0.6796848773956299
animated radar not working,negative,negative,0.9116137027740479
problems with internet connection s <number> edge,neutral,neutral,0.4992169439792633
"another login and account needed, mediocre editing",negative,negative,0.6467251181602478
i need a tab for news language i don't want it to be default for the place i live in my native language may be different. please look into it,positive,neutral,0.7216269969940186
"idea is nice, <url>",neutral,neutral,0.7171468138694763
useless and hang in itself,negative,negative,0.9682435989379883
lagging on nvidia shield tablet,neutral,neutral,0.6326000094413757
less taps &gt; more taps is not always true! this update clutters up the mobile app and looks horrible! bring back the drop down menu.,positive,negative,0.624178946018219
great mobile app for a great platform,positive,positive,0.8474264144897461
easiest way to keep all my accommodation details with me when i travel.,positive,positive,0.7937282919883728
"there is no way to search or jump to the pages i want. so, in a <number> page document, i have to page down until i get to where i want. very poor!",neutral,negative,0.9652809500694275
crashes on z <number> compact,neutral,neutral,0.5615816712379456
"can't delete any of the pdf files! someone ,help mytouch <number> g",neutral,neutral,0.5825909972190857
somethings wrong with this app,positive,negative,0.9071816205978394
well organized app. offers better deals than the hotel itself.,positive,positive,0.9177224040031433
faster than other app,positive,positive,0.7054550051689148
"decent, but needs ability to define custom notification sound. the built-in ones are too quiet and the 'device default' is too general.",positive,neutral,0.7579803466796875
"if you have difficulties staying focussed, then this is definitely the app for you. as trivial as it sounds, there's a real sense of satisfaction in seeing your forest grow the more time you log. the only thing i would say which could be added is social email support or facebook integration, which i believe is already a feature on the ios version. some of my friends are using it too, and seeing their forests grow (perhaps even on some kind of map next to mine?) would add an element of healthy competition!",positive,positive,0.8279625177383423
would be better with out ads,positive,neutral,0.741937518119812
<number> star 'coz why we have to request hd quality picture first? oh <url> nobody need bad quality picture. washing <url> another chat app more better !!,neutral,neutral,0.5849838256835938
"my screen goes off, but when i unlock my phone, my tree dies. makes the app pointless as it forces me to keep the screen on which is distracting. great concept though.",neutral,neutral,0.5441394448280334
it will be better if the apps allow users to listen music while studying or doing their things,positive,positive,0.5075137615203857
the app is free on android but why can't i use my new unlocked tree?!,negative,negative,0.5586416125297546
"not ideal, but better than a few other ""freeware"" options there with lots of adds or crappy ui.",positive,neutral,0.8294294476509094
add break or pause option plz,positive,positive,0.5221737623214722
good effort <url> try to send correct notification of the news or story.,positive,positive,0.7661272883415222
doesn't work keeps saying bad internet connection but all other apps work.,negative,negative,0.8687971234321594
did not install this app. all i did was update my phone and it was there and i can delete it! very annoying!!!,negative,negative,0.9213963747024536
last updates causing problems.,neutral,negative,0.49909189343452454
"stupid app many many ads ,don't download this app",negative,negative,0.9697291254997253
too much buz for nothing so special.,negative,neutral,0.6727778315544128
simple but effective app to end smartphone addiction,positive,positive,0.8181266784667969
technology at its <signature>,positive,positive,0.741999626159668
"editing is all about precision, of which this isn't good at. trying to crop is like throwing stones at a picture frame on a wall and hoping it sticks. when you get it you accidently press another button and all the work is <url> still needs some refining",neutral,neutral,0.7890415191650391
used to love <url>,neutral,negative,0.7333402037620544
bbm is really gud,positive,neutral,0.5079609155654907
still a good app,neutral,neutral,0.6202335357666016
"looks nice but the live radar always zooms in to close, i like to see the entire area around my location.",positive,positive,0.7879265546798706
creeping permissions. no <signature>,negative,negative,0.9312167167663574
don't expect to be productive on the tube,negative,neutral,0.49718695878982544
huge apo. does not have move to sd card. standard reader v. good. uninstalling.,negative,negative,0.9379718899726868
too many push and price not clear,neutral,negative,0.4860484004020691
great app but updated the app but the bug is still there where the animation plays without accessing the app so you have to tap screen to gain access to home screen. that bug has been there forever please fix!,neutral,neutral,0.5901008248329163
like it but need better notification settings,positive,neutral,0.49387115240097046
being a motorcycling enthusiast i like to know where the rain is and what direction it's heading.,positive,positive,0.8716039061546326
radar no longer works,negative,negative,0.9645690321922302
why i cannot play my download video?,neutral,neutral,0.4756638705730438
as an alternative in contacting people,positive,positive,0.7270528674125671
crashes all the time tells you there is no memory even on sd card. won't let you use if you decline push notifications,negative,negative,0.9234864115715027
what's the point?,negative,negative,0.881770133972168
"i used to really love this browser but now it's just annoying .when i download files sometimes it tells me ""file doesn't exist"" and i have to redownload ,plus it lags .",negative,neutral,0.7613503336906433
its good but i think it should add like fortnite emojis or other characters,positive,positive,0.5707529783248901
its good but now a days it slow,neutral,neutral,0.7405351400375366
"the emojis you can make out of it are great! however, it would be nice to implement the character doing different kinds of sports. also the app didn't have my face shape, hairstyle, and the mouth was too big for me. basically i had to go with what i could find that looked the most like me, and a bunch of people still thought that the bitmoji looked nothing like me. something else i'd like to add is that maybe for the female character, put some outfits that are t-shirts and moderate shorts, not just short shorts. i couldn't find my usual attire because of that. overall, my bitmoji only looks a bit like me so if you guys can change the face, costumes, and facial features to let more people have an accurate character, it'd be great. <signature>",positive,positive,0.8593782186508179
throw this app to garbage,negative,negative,0.969163715839386
very nice and helpful <url> luving <url>,positive,positive,0.8916071057319641
it will be better if there will be option to archive a chat,positive,neutral,0.6765099763870239
requesting to build a bigger forest!,positive,negative,0.6552333235740662
stop the stupid ads,negative,negative,0.8285982608795166
spark lightening no longer working,neutral,negative,0.7110332250595093
"slowly slowly you are making it worst app but it's your app you can do anything after all you are communist. see i don't like your inbuilt pdf viewer,video viewer app so allow user to use apps like adobe pdf reader and mx <url> and the new problem is the facebook video is not working <url> earlier i have given <number> star rating but now you are decreasing quality <url>",negative,neutral,0.5793207883834839
doesn't export my photos most of the time,neutral,negative,0.8033060431480408
still need to improve,positive,positive,0.5748830437660217
no philippine peso currency?,neutral,negative,0.6633691191673279
"i downloaded this app specifically to merge photos together on my backpacking adventures whilst eliminating the need for a laptop. sadly, it does not have the function to merge photos for panoramic or hdr.",neutral,neutral,0.4977836310863495
"pretty effective but i just noticed it doesn't pick up the usage of one of my most distracting apps (bacon reader for reddit). i was on it and thought oh no my tree! opened up to find it wasn't triggered. double checked my white list etc, everything was proper. if it doesn't block that it becomes pretty useless in my eyes",positive,positive,0.5546349287033081
"awesome app. it would be sooo useful to have one button access to the lastest posts accross all channels and all workgroups, i find im spending much time digging around for the latest posts.",positive,positive,0.8790098428726196
its good and so easy to use,positive,positive,0.859700083732605
this isn't as good as it's siblings,negative,neutral,0.7833771705627441
app is good service,neutral,neutral,0.573197603225708
app thinks i am a man :'),negative,neutral,0.6099168658256531
will not work correctly. i tryed to set the map in motion and it will not move!,negative,negative,0.9543759822845459
super cute but kind of difficult to use on the spot.,positive,neutral,0.5568192005157471
"nice, but couldn't find night mode.",positive,neutral,0.6336230039596558
"insanely unreliable - wont let me accept invites to other workspaces nor will this application even show me the invite - login inconsistency, i can auto-login with the app but when i type my password in non-app login screens it wont work. its the same password i use for other applications and i successfully login each time.",negative,negative,0.9507989287376404
cant search without creating an account! they need your email so the can sell it to spammers! unistall!,negative,negative,0.9695689678192139
only good not <signature>,neutral,neutral,0.6404606103897095
it is a waste app and waste of time. it is only useful for downloading the movies,positive,negative,0.9657050967216492
it's fast and i can always use it to download,positive,positive,0.8805725574493408
have to use and see,neutral,positive,0.5038630366325378
good but some issues,positive,neutral,0.5246432423591614
plz see sex movies it's nice in this,neutral,neutral,0.5028073787689209
wont open. it always crashes and my phone reports it having multiple errors in <number> week,negative,negative,0.9574259519577026
fcs on a <number> page pdf. really?! even on my stock evo that's awesome? this reminds me of flash player on my laptop- always causing problems. adobe = crap,negative,negative,0.6497188210487366
"the worst app ever can't download a single <url> my downloads have been ""unsuccessful""",negative,negative,0.970048189163208
needs text search and in-document link support.,neutral,neutral,0.8287174105644226
it's a great app. love it and good job,neutral,positive,0.9029730558395386
"sometimes wonky when on wifi, but that could be internet connection issue. also wants to have high accuracy location on which will drain your phone quickly.",neutral,neutral,0.8278339505195618
why am i now seeing ads? lame!,negative,negative,0.9577847123146057
you had one job,positive,negative,0.7925642728805542
"it would be nice if there was an option to record voice messages.    nuisance: when i press 'backwards' in my android, i am thrown out of the app, instead of going backwards to the messages list.    nuisance: i don't see a list of last messaged people in chronological order but randomly. this drives me <url>",neutral,neutral,0.6915385127067566
not replacement for the desktop app,neutral,neutral,0.6162828803062439
great app to communicate with family and friends.,positive,positive,0.9193050265312195
best chat application ever,neutral,positive,0.8712136745452881
good app bt needs new features,neutral,neutral,0.6103608012199402
it requires access permission n i dont know from where to turn on so can u plz tell m!!,neutral,negative,0.919512152671814
uffff!!!! plzz don't downloaded this,negative,negative,0.9276208281517029
good <url> lacks some essential features,positive,neutral,0.5603424310684204
"the app is ok but the camera should no have any sound when you take photos, that problem is quite annoying",neutral,neutral,0.8464134335517883
installation corrupts gmail db on n <number> android <number> . <number>,negative,negative,0.8999661803245544
i think it's a great start app!,positive,positive,0.7970073819160461
radar has been freezing and not moving for last month. deleted it after all this time. pos!!!,negative,negative,0.970717191696167
ok till it goes wrong,neutral,neutral,0.7742888927459717
i rely on weatherbug every day.,positive,positive,0.763212263584137
"love this app, especially the lightening strike tracker.",positive,positive,0.8968045711517334
there's still more to it.,positive,neutral,0.5734947323799133
very basic and subscription based,negative,neutral,0.45910391211509705
no words great app,positive,negative,0.6415744423866272
"im not use as well, i think it is bad application, i dont like.",negative,negative,0.7797580361366272
keeps saying photos not found whwn trying to send/ attach to people. using a note <number> <url> its not <url> it <url> pwrfect for what application i needed it for. will try again when i get new phone in a couple weeks.,negative,negative,0.7623693346977234
helpful for book reading,positive,positive,0.8996835350990295
sometimes slow but yet efficient.,positive,positive,0.7914748787879944
for some reason the keyboard doesn't work on my phone. and i can't do couple's bitmojis with my wife. but it's fun to use with her anyhow,positive,positive,0.5141645669937134
make anoying bc different ring with chat ring,neutral,positive,0.6852234601974487
"please make the browser application sync-able with android phones. i was able to sync a few days ago, but now it only syncs with an ios account.",positive,neutral,0.71001797914505
great app. would have been a <number> if avatar could be edited,neutral,positive,0.8395808339118958
poor cousin to the desktop app,neutral,negative,0.8840612769126892
i get notification for update but i can't update my bbm. please fix it.,neutral,neutral,0.6964022517204285
it wont let me download its saying it is but not getting it,negative,negative,0.9555015563964844
force closed zenfone <number>,negative,negative,0.8903665542602539
cloud service only idea bites,negative,neutral,0.5577540397644043
i can't sign <url> :'(,neutral,negative,0.6949021816253662
horrible for one reason,negative,negative,0.9602444171905518
<salutation> opening unwanted liks,negative,negative,0.7416318655014038
won't let me end chat,negative,negative,0.8187861442565918
"nice, but flow could be better.",positive,positive,0.503200888633728
it just froze up a few days <url> doesn't work at all when i click on it,negative,negative,0.9433159828186035
the news which displays on the welcome page is very annoying and vulgar have to be very careful when giving it to the children's at home to surf the internet and we had to use other browser in front of others as your front page containt all the vulgarity in news most of the people don't know how to disable news. the option should be visible on the front screen itself,negative,neutral,0.5056682229042053
seems impossible to make a review,neutral,negative,0.5964274406433105
reflow doesn't let you move from what's on the screen. no option to go to specific pages directly (really? scroll through a <number> + page book everytime?),neutral,neutral,0.4989717900753021
low score due to the lack of a dark theme/night mode in <number> !,neutral,negative,0.7282727360725403
"no floating head, why",negative,negative,0.5450155138969421
bad on sms blocking,neutral,negative,0.9489279985427856
hated the new update,negative,negative,0.9598795175552368
i find it a bit odd that the app doesn't automatically open a file. i have to go to the app and open the file from there.,positive,neutral,0.721201479434967
the weather people are always wrong they suck,negative,negative,0.6002047657966614
"no ""go to page"" feature? really?",neutral,negative,0.815811812877655
caused ipad safari to stop working,negative,negative,0.9039203524589539
it's a good app to communicate with team instantly,positive,positive,0.8199176788330078
garbage. worthless app. i hope someone comes up with one better and more organized for people use. makes no sense. cant navigate. not worth the headache.,negative,negative,0.9675478339195251
good but seems to be a battery drainer on lollipop,neutral,neutral,0.7365478873252869
like the funny <url>,positive,positive,0.5781474709510803
"useless app, doesn't work as described",negative,negative,0.9681498408317566
pdf viewer works much smoother and loads faster,negative,neutral,0.5834929347038269
awesome app with awful ux,neutral,positive,0.6486748456954956
<salutation> why most of the time. when i finish downloading video and going to play it. it says failed to open its not like this before using old version.,negative,neutral,0.5132626891136169
couldn't get edited photos out of lightroom!,negative,negative,0.8935364484786987
the update sucks!!! i lost all the trees i previously unlocked.,negative,negative,0.9364731311798096
the cancellations are confusing and the will double charge,neutral,neutral,0.7196378111839294
"great, but eset is going off",positive,positive,0.4705376625061035
it is too slow app.,negative,neutral,0.4816640317440033
good & need more development options,neutral,positive,0.6811466813087463
browsing fast but before download its doing re direct and suggest an other app.,positive,neutral,0.7629764080047607
please fix as soon as <url> cannot send message n dont have received feeds,negative,negative,0.5216906666755676
too many ads dude,negative,negative,0.528255045413971
through this app i get amazing deals,positive,positive,0.8649517893791199
very helpful & useful for media <url>,positive,positive,0.9066747426986694
very helpful the apps,positive,positive,0.9079954028129578
update screwed the app over,negative,negative,0.9347214102745056
i love the variety of fashion styles this app offers. really digging on the poses & emotion statements. emoji id me. a ok,positive,positive,0.9060750007629395
except advertising everything is fine,positive,neutral,0.5844547748565674
does what it's meant to do,positive,neutral,0.633910059928894
it's bad browsing with opera,positive,negative,0.5628825426101685
storm warnings are behind. weather warnings just seams to be behind,neutral,neutral,0.678100049495697
not really but they had an annoying notification getting me to rate the app so,negative,neutral,0.7414132952690125
was better before they started messing with it. but still a bit of silly fun,neutral,neutral,0.7310634255409241
can no longer save locations.,neutral,negative,0.9087350964546204
"i use to like this app. but now the radar animation don't work,and i use to like that. i see it doesn't work for other people either sence the upgrade.",negative,neutral,0.5192117691040039
it works but thats it,neutral,neutral,0.7359623312950134
"next update have any problems after i'm updates its say bbm not responding, and refresh page is take a long time, maybe <number> minutes, why the hell??",neutral,negative,0.5444260239601135
"just downloaded it, and haven't had the chance to use it much.",positive,negative,0.910994827747345
inferior to the ios version.,neutral,neutral,0.5075114965438843
"this app just simply doesnt care if i have allowed the data access or not. despite completely stopping the access to mobile data and wifi, it still runs in the background, connects with the internet and receives the texts. extremely intrusive and not something to have installed on your phone. if this is how it behaves, then it can't be trusted. uninstalled.",negative,negative,0.9654502272605896
quick booking. many options.,positive,positive,0.896955132484436
can't jump to pages. up arrow disappears. at least make it optional for up arrow to stay visible all the time. just plain out aggregating to use.,negative,neutral,0.5653523802757263
very lag and make my phone so slow,negative,neutral,0.559027910232544
useful and stable application <signature>,positive,positive,0.9265612363815308
overall a good app fast downloading and <signature>,positive,positive,0.9126058220863342
good place to work in groups,positive,positive,0.6719518303871155
good application. but needs some improvement,positive,positive,0.6378593444824219
good app but to much fake news and add,negative,positive,0.8000444769859314
cool idea with severe (ironic) bug,positive,neutral,0.7281424403190613
this app are clearing all data,neutral,negative,0.9472464323043823
good for a waytomake moneyon the side,neutral,positive,0.5027315616607666
it is very nice app,neutral,positive,0.770828127861023
"best editing software. ui is easy , but please remove the trial",positive,positive,0.5125019550323486
not visible in app tray!,positive,negative,0.6751673221588135
the only thing i would do different is make this available on facebook i can't access it for my posts. had to uninstall and reinstall as it stopped working.,neutral,negative,0.7650683522224426
"would have been a perfect app excet for the fact that you cant insert the icon into your current text, but have to start a new one(text) <url> , and with every icon!",neutral,positive,0.5233315229415894
some issues in confirming the booking.,neutral,neutral,0.6937707662582397
pls also cover news of intl. importance,neutral,positive,0.7407001256942749
very easy to navigate,positive,positive,0.9045772552490234
won't stop shutting down. reported several times,negative,negative,0.9244204163551331
easy and very helpful,positive,positive,0.922309398651123
"there is a problem, at least in this version, each time i try to view an already downloaded city guide while i'm online, always displays the search page for hotels <url>",neutral,neutral,0.735892653465271
i am just downloading the app after completion i'll increase or decrease the rating based on the app performance,neutral,negative,0.6268348097801208
"notif now okay, ads still not ok",positive,negative,0.8000440001487732
"great app, too bad i'm on android.",positive,positive,0.8161746263504028
"it's is very effective app , but it takes too much time in opening",neutral,neutral,0.5340273380279541
same bad it is good for search and for download but it is no to much good when i open uc browser on it home sreen or default and not save language option for my side not good,neutral,neutral,0.7599506974220276
not good for me,negative,negative,0.6779314279556274
it's good for few days later it is not working well,neutral,neutral,0.8521150946617126
"keeps crashing. really looked fwd to checking it out, but crashes all the time. the few times it worked the timer got messed <url> work it out!",neutral,negative,0.8139863610267639
the worst - yet the only <url> ckck,negative,negative,0.9527336359024048
i love this app!it really helped me! devs keep on fixing and constantly improving on the app. worth any all in app purchases (which are very cheap btw). just missing a widget! &lt;/ <number>,negative,positive,0.7035160064697266
my bbm very slow .. what happen ??,negative,negative,0.5857226252555847
i like booking in my computer,neutral,positive,0.6566951274871826
i like this app,positive,positive,0.7290166616439819
can't do or find anything on the app,negative,negative,0.8631957769393921
why open raw files ?,positive,neutral,0.5615251064300537
"all but useless in europe. slow to update and most features just don't work here at all. added a daily weather report, great! oh wait, it describes only one <url>",negative,negative,0.5226964950561523
something very wrong with the app,negative,negative,0.9367777705192566
iterate this app more then ads,negative,positive,0.5955085158348083
old seen should not repeat please,neutral,neutral,0.5104305744171143
great app for traveling,positive,positive,0.8749175667762756
was so great <url> but <url>,negative,neutral,0.5419597625732422
it's a nice app,positive,positive,0.7093823552131653
i love this service,positive,positive,0.4082825779914856
larry delaney like it,neutral,positive,0.6783037781715393
not working with google messenger,neutral,negative,0.9356704950332642
"i am enjoying the app very much, it was recommended by my nephew and it is everything that he said it would be!!",positive,positive,0.8644263744354248
really only works with small documents and even then runs into freezes on motorola droid. no page jump which for books is necessary,negative,neutral,0.6997997164726257
"i used to really love this app until it started killing my trees just for receiving a notification that i hadn't opened yet. advanced detection is not on. may as well turn the phone off, but i use it for music.",negative,neutral,0.481908917427063
crashes immediately after startup - can't use it!,negative,negative,0.9609062671661377
can't login to bbm,negative,negative,0.7893387079238892
an very much useful application,positive,positive,0.8801539540290833
works great except a few things,positive,positive,0.7140740156173706
"<salutation> awful interface lacking any true customisation, yet another chat app that brings nothing new to the table and steals ideas from discord, an exercise in reinventing the wheel which hasn't been updated in years and crashes all the time. also i wouldn't trust this app if you value your privacy. avoid like the plague.",negative,negative,0.9636518955230713
good for editing bad for storage,neutral,neutral,0.5658867359161377
"it's <url> only downside is can't make just any emotion, but overall great",positive,positive,0.8802744746208191
used to work . please fix,negative,negative,0.7724905014038086
it would be great if there's a feature where i can sort my files in folders because it is irritating to find a certain file in my sea of different subjects.,positive,positive,0.5146421194076538
one thing that uc devs definitely do is to remove ads and news <url> page is annoying if we want to read then will go in news site,negative,neutral,0.7347328662872314
nice to be back,positive,positive,0.5943652391433716
"in all, we have to check this.",neutral,positive,0.7126941084861755
freezes on some files,neutral,neutral,0.6044773459434509
cannot save progress without spending money.,negative,negative,0.8305670022964478
greatly helpful. i like it,positive,positive,0.9266948103904724
can't even spell sydney right,negative,negative,0.9362637996673584
can't even create an account,negative,negative,0.9637573957443237
nice app but you put extra features in this app but app is good,neutral,positive,0.5392414331436157
"good, but better without all those ads like other free messengers such as whatsapp, telegram, etc",neutral,positive,0.5174310207366943
wow. useless. hated it. <number> stars. (if i <url> ),negative,negative,0.9675328135490417
"bloated, glorified chat. i use it because my company obliges me to do so.",negative,neutral,0.4855799376964569
it dors ansolutely nothing. wastef my time!,negative,negative,0.9649235010147095
superb editing in this,neutral,positive,0.8904085159301758
"generally very good & helpful, with some good prices. free cancellation option is extremely useful.",positive,positive,0.9194377660751343
"the ""i'm listening to"" <url>",positive,neutral,0.45910024642944336
"solid app, but lacking in the tablet ux area",positive,neutral,0.768355667591095
let people to create more characters,neutral,neutral,0.5610144138336182
app is good brower is so fast but news section in uc brower is the worst thing in the world,neutral,neutral,0.7700719237327576
"it is good easy to use , but why i have to download opera browser to download any videos from uc browser please fix this problem .",neutral,neutral,0.6463585495948792
it worked better before the <url> anything posted is hard to see and get to.,neutral,neutral,0.4813932180404663
can't apply for instagram. please updated,neutral,negative,0.8367190361022949
image size goes from <number> mb to <number> kb else fine.,neutral,neutral,0.7194821834564209
please enable apps <number> sd immediately. <signature>,negative,neutral,0.47049733996391296
like the app but the don't update rainfall very often.,positive,neutral,0.6949862837791443
i liked <url> the size of this app is <url> is better,positive,positive,0.5928310751914978
this app is extremely bloated. for the functionality provided it should fit within <number> mb without issues.,negative,negative,0.8145432472229004
half assed. uninstall! droid ally,negative,negative,0.9701908826828003
quite nice - would be useful to edit posts from mobile,positive,positive,0.8038061857223511
app <number> f. temp <number> f,negative,negative,0.46223559975624084
too many update it's annoying,neutral,neutral,0.7604358792304993
not responding to phone calls or emails. no customer service at all.,negative,negative,0.9411406517028809
thanks for fixing the problem,negative,positive,0.7385943531990051
room rate at times is misleading subject to additional charges,neutral,neutral,0.6469508409500122
access to files/photos/media,negative,neutral,0.49729830026626587
"best messaging app, not so great for file sharing though",positive,positive,0.8080154657363892
they want to much access,neutral,neutral,0.575622022151947
"would love more clothing choices, glasses and skin tones.",neutral,positive,0.9066852331161499
line freecall is better than bbm freecall,neutral,neutral,0.6768897771835327
this app very nice & use very easy,neutral,positive,0.9090890288352966
make the dp full hd,neutral,neutral,0.6761089563369751
good if it doesn't has annoying news banners,positive,neutral,0.7672474384307861
please make the lite variant of this app for smartphones with less storage.,negative,positive,0.5460841059684753
age group <number> to <number> years old,negative,neutral,0.4934598505496979
takes a lot of space,negative,neutral,0.728468656539917
trible app. ui is horrible.,negative,negative,0.9262529611587524
loved the app very much,positive,neutral,0.39426708221435547
this bbm is not working on my galaxy s <number> edge why,neutral,negative,0.9522711634635925
it's great <url>,neutral,positive,0.8568142056465149
where is option for timer,negative,neutral,0.7775657773017883
well not. so good work but. some what.,neutral,neutral,0.7821640968322754
this could be great <url>,neutral,neutral,0.5764357447624207
take too much space or ram to run,neutral,neutral,0.5243034958839417
very useful. ive used the app many times in the last few years. hv even referred others by telling them directly. wish full address address of property could be included even before booking. thats my only complaint.,positive,positive,0.8591663241386414
i love it but she doesn't look like me after making so many changes!!,positive,positive,0.615912675857544
"it's ok, but since it appears to have basic reflow why can't we have white text on black background to save battery?",neutral,neutral,0.8423848152160645
great!!! amazing tool for textbooks in pdf <url> i use it on my lenovo tab <number> <number> plus and it works awesome. most of my medical textbooks converted in pdf run absolutely fine with this app.,positive,positive,0.9044181108474731
bothering me for a rating,neutral,neutral,0.7588474750518799
it works great until you need to use another app. even when i whitelist apps my tree still withers,neutral,positive,0.5742828249931335
good weather overview. occasionally buggy (no pun intended).,positive,positive,0.7471966743469238
when it works is great,neutral,neutral,0.5923650860786438
radar map doesnt work at all since last update. please fix and get <number> stars,negative,negative,0.9461728930473328
"how do i use on facebook,?",negative,neutral,0.5646733045578003
used to be my favorite app,negative,negative,0.6980228424072266
its all good except for one thing.,neutral,neutral,0.644338846206665
to good to be true,positive,neutral,0.4452563226222992
this app is useful for me,positive,positive,0.8079408407211304
"only worked for a day, then the app would never open and kept saying there was a error. uninstalled the re-installed <number> times never worked again",negative,negative,0.9524444937705994
not able to open pdf's downloaded to sd <url>,negative,negative,0.7050235867500305
slow and crashes dinc v <number> . <number>,negative,negative,0.6675349473953247
"easy to use, fairly accurate!",positive,positive,0.9328497052192688
its a usefull app for informal office communication.,positive,positive,0.9115682244300842
"facebook face detection doesn't work, so you have to start from scratch. also not enough selection to choose from.",neutral,negative,0.8397315144538879
more than one and add more stuff. (stuff to make the avatar),neutral,positive,0.880070149898529
i can't play it that sucks,negative,negative,0.8923986554145813
crashes during import htc one m <number>,negative,negative,0.8636389374732971
does exactly what it says. i like it.,positive,positive,0.8892068266868591
i think this app is good,positive,neutral,0.5012633800506592
great app. free cancellation should be indicated per hotel before booking.,positive,positive,0.872462272644043
"it's great for pdf, i only wish it supported other book formats like epub or mobi",positive,positive,0.8655762076377869
"stopped working and deleted everything after a week, pretty poor i'd say",negative,negative,0.9380283951759338
"a couple days ago, started telling me it can't attatch the emoji to my texts, that just stinks! i have a galaxys <number>",negative,negative,0.8124310970306396
overall very useful app. i only don't like the fact that also sold-out hotels are shown. can be quite frustrating.,positive,positive,0.727043867111206
works well. it could have been better if approximate dates were allowed in search form.,positive,positive,0.5960479974746704
still not as good as it could be!,neutral,neutral,0.7595948576927185
for more information about this review go to <url>,negative,neutral,0.4931671917438507
its been <number> years im using uc browser i gave a feedback that in uc browser we can't download videos directly to sd <url> have given a feedback about this past <number> years back but still uc team have not sloved my <url> service i request google team to please remove this uc browser from google <url> dnt need this kind of careless team ..,negative,negative,0.9359526038169861
awesome app to find any <url> it,positive,positive,0.8466463685035706
ok permissions fix. i've updated and given back two of the four stars i'd dropped.,neutral,neutral,0.8395929336547852
i love the idea but can we get a weekly forest too?? that would be quite motivating!,neutral,positive,0.8061850666999817
it's very good for edit photos and make photos and make a design of any things,positive,positive,0.9180790185928345
"i really love the lightroom software for laptops and other devices, but i don't find the app really convincing when compared to the software as you just miss so many options in the app",neutral,positive,0.5325682759284973
"latest version is <number> . <number> . <number> , last updated on <number> th september <number> . uninstalled as abandoned. desktop is already at <number> . <number> .",negative,negative,0.9643092155456543
just click the back button and my tree will still <url> and i don't think i have the whitelist edit- i think your tree only dies when you open another app that isn't on your whitelist or else the list is <url> am i wrong?,positive,negative,0.8242318630218506
adobe products are awsome,positive,neutral,0.47200384736061096
latest update fails to install with 'unknown reason - <number> ',neutral,negative,0.8009611368179321
"the app syncs messages too slowly and marking messages as ""read"" is buggy.",neutral,neutral,0.8038665652275085
"great service, terrible app. the app doesn't seem work with mobile internet which makes it mostly useless.",negative,negative,0.944277822971344
now <number> % harder to use,negative,negative,0.72944575548172
marginal but still better than others i have tried.,neutral,neutral,0.6069281101226807
the app doesn't provide multiple tabs at a time. it would be great if its possible.,positive,neutral,0.801795482635498
good app and uesfull,negative,positive,0.8032694458961487
only hate the <url>,positive,neutral,0.4354954659938812
"i was using it every day and i think it was brilliant, even upgraded to paid version but since last update i haven't been able to access it at all as it keeps crashing. please fix it.",neutral,neutral,0.6155102849006653
wont work for saml integration,neutral,negative,0.958946168422699
good but ads are annoying,neutral,neutral,0.6217592358589172
"app works fine, but it is very disappointing that there is no possibility to just use the map to find available accommodation. you always have to fill a place to search, but mostly i just want to browse and see what's available, regardless of the location.",neutral,neutral,0.5363825559616089
worst app and if it is install u r phone become a virus attack,negative,negative,0.971189558506012
not what i'd expect from the creators,neutral,negative,0.7687177658081055
"won't leave my facebook, like a <url>",negative,negative,0.9614299535751343
ads is an inconvenient thing so far,positive,negative,0.6835711598396301
"i like the interface , it's really good. for me, i feel it would be nice to have a look up option when we right-click on words . it's functionality is to link up words to our dictionary apps. <signature>",positive,positive,0.8804416060447693
good but many <url>,positive,neutral,0.6396623849868774
requires photos to be imported into lightroom. i know this has how the desktop version but wish the mobile version was faster and easier to use.,neutral,neutral,0.7669116258621216
miss tabs to move between open docs. otherwise is fab.,positive,neutral,0.80851811170578
"they stole from me i wanted a refund and because the manager of the hotel i chose treated me indifferently all because i wasn't <number> and so i emailed their "" <number> hour customer service"" and never got helped. lost $ <number> . don't use this app it is a trap.",negative,negative,0.9711160063743591
my ag fans love the photos i do,positive,positive,0.8370562791824341
this app would be perfectly awesome if it worked with the keyboard on my tablet so that i could use it in facebook when i <url> without white backgrounds,neutral,positive,0.6849172115325928
"why my friends can retract or delete their messages, while i can't? i don't know what bb phone or android they have.",neutral,neutral,0.6099860668182373
it sucks non free things to choose from,negative,negative,0.9599202871322632
this is very good app for downloading,positive,positive,0.8592619895935059
not accurate information all the time,neutral,neutral,0.6604235172271729
cannot show my reserved bookings,negative,negative,0.6258732676506042
i love this app,positive,negative,0.4050266742706299
my company forces me to use this app.,neutral,negative,0.9578186273574829
it's hard to cancel a booking when <url> to use,neutral,neutral,0.7417110800743103
won't open email attachments,negative,negative,0.9575018882751465
couldn't find a better suited search app. compliments to the team. trivago couldn't find these many options.,positive,neutral,0.482983261346817
"simple to use, don't seem to be able to see complete booking information",positive,neutral,0.5355784893035889
absolutely one of the <signature>,positive,positive,0.9034149646759033
i like the reading mode specially. but sometimes it crashes.,positive,positive,0.6238522529602051
sounds and digital mixer cansol,positive,positive,0.591809868812561
"lacks a lot of basic features such as bookmarks and ""goto page"". thinkoffice does a better job.",negative,neutral,0.8575182557106018
much better than asana,positive,positive,0.6520288586616516
better on my windows phone,negative,neutral,0.5510157346725464
it's good but always show on screen when i switch on my home screen,neutral,positive,0.594799816608429
this app is my go to when i need to know about the weather.,positive,positive,0.8450896739959717
"okay but not great, and not really improving",neutral,neutral,0.824379563331604
it should have pause option,neutral,neutral,0.771828830242157
"all is good in this app except i couldn't see any hdr option while clicking photos, may be since i use oneplus one, which also has high processing power and advanced chipset enough to support this app. so they should support many more devices like this! hope the support arrives in next update itself.",neutral,neutral,0.5571998953819275
"professional app , useful for office purpose , easily connect to office by mobile but too much heavy unable to send messages on slow network.",positive,positive,0.8997625708580017
update is not starting after clicking on update button,negative,neutral,0.5389431118965149
hate it since the update,negative,negative,0.9619612693786621
tired of getting ripped off.,negative,neutral,0.6027774810791016
had to sleep in the truck!,negative,negative,0.8790342211723328
radar stopped working. i would've given <number> star rating if it worked.,negative,negative,0.8546603918075562
worst experience in goa,negative,negative,0.9685177206993103
like it because it syncs better,positive,positive,0.8043199777603149
i can connect to my friends.,positive,positive,0.8736440539360046
i love this app,negative,negative,0.4050266742706299
fantastic app for downloading and easy to use,positive,positive,0.9148476719856262
"unable to change alert sound. not in options. unable to enable alerts per channel, on all or keywords and direct. closer to a beta than an app.",negative,negative,0.808849573135376
so much fun! makes people laugh.,positive,positive,0.6785377860069275
similar to all other photo editing apps. doesn't stand out from ythe rest.,neutral,neutral,0.803507924079895
the quality of display picture is so bad,neutral,negative,0.8324044346809387
this app is very fast,neutral,positive,0.8021784424781799
dear friends do not install this browser. this browser is pathrtic <url> will ads and ads on this .really annoying,negative,negative,0.7771570086479187
please fix so i can type!,negative,neutral,0.7269959449768066
able to provide sufficent info regarding hotel that want to be rent,positive,positive,0.8167479038238525
they make you pay to create an account!! this is outrageous.,negative,negative,0.965830385684967
"it's a great concept for assosiating a reward to focus for those of us who struggle; however, my tree withers when someone phones me and i don't answer which is obviously a piss off.",positive,positive,0.7078104615211487
really a very good app,positive,positive,0.839013934135437
awesome app! it will be better if you sync all your timers on your phones and chrome/mozilla extension. because i have to start to plant on my <number> phones and my browers when i'm working when you can do it just once and all your timers will start automatically. i hope you do it!,positive,positive,0.8730090856552124
this app is very nice,positive,positive,0.74641352891922
"this app is super cute! my only complaint is that there is no piercing section! i have <number> piercings and would really like to at least have a nose ring! or maybe earrings? also think you should be able to customize outfits, like pick a shirt, bottoms, and shoes! instead of just the premade outfits.",positive,positive,0.9006729125976562
"app is okay but has superfluous things that i will never use. including every option is okay but the ideal app would allow for complete customization of components and page information that is pertinent to the user and where they are located. additionally, collecting metrics on what users actually use versus what is weak allows for improved development of the weaker app areas. that said, i have used this app for a long time with little cause for complaint.",neutral,positive,0.5367394685745239
could you please add an option for exporting photos using the png format? it would be very handy.,neutral,positive,0.6804068684577942
i like the reflow feature. but useless for me as i can't search nor skip to a specific page (have to scroll through entire books),negative,neutral,0.5674974918365479
"simple yet effective. would be great if the app had more customisation options like moving the plants around, changing the colour etc.",positive,positive,0.8860828280448914
uc brouser is <signature>,positive,positive,0.6243325471878052
not starting since last update. please see to it. i gave <number> star so you can quickly check my issue. my phone is note <number> neo n <number>,positive,neutral,0.5957350730895996
doesn't work properly on nova launcher,neutral,negative,0.9409428238868713
"useful, informative and helpful <signature>",positive,positive,0.9308979511260986
still no floating head!! disappointed,negative,negative,0.6993643641471863
this app sucks now,negative,negative,0.972362220287323
it can't find my photos,negative,negative,0.8092607855796814
what happened to my little shortcut!? or used to stay open in all my messaging <url> now it's gone!!,negative,negative,0.8969972729682922
stable and functional but not totally user friendly.,neutral,neutral,0.5624002814292908
this is good <url>  downloading movies but many. ads are come in between browsing,neutral,neutral,0.669963002204895
i don't like the company not the app,negative,neutral,0.5608714818954468
"great app but would love to have better clothing styles. maybe peacoats, pencil skirts etc. <signature>",positive,positive,0.9162437319755554
radar map will not move. it hasn't been accurate either.,negative,negative,0.9269528388977051
"simplistic, designed to exceed expectations and overcome limitations.",positive,neutral,0.5115960240364075
<url> sometimes it's gone <url> hate slow,neutral,neutral,0.5794525146484375
"i would use it more but i dont like that it has to start a new message, would be better if it would just add to the convo on the screen",neutral,neutral,0.7988367676734924
very bad app. it is forcing to instal. i think it is a virus.,negative,negative,0.9687176942825317
better if no trial period and unlimited use for free,positive,neutral,0.5526885390281677
great but needs presets access,neutral,positive,0.8123804330825806
each time it simply keeps saying that my phone has <url> disgusting,negative,negative,0.8163161277770996
keeps documents in line. i really like this application!,positive,positive,0.853320837020874
anyone video download stop and very slow download,negative,negative,0.63612300157547
used to work but no longer does. writing this review while my is growing :/,neutral,negative,0.6648085713386536
limited options but fun,neutral,neutral,0.6680898070335388
would give better but have'nt used much yet,negative,neutral,0.6511096954345703
"app ok, but temp doesn't update in notification bar",neutral,neutral,0.8433970212936401
no way to redeem tickets.,neutral,negative,0.9590050578117371
"silly app , it would let me open google while it will kill the plant if i open calculator or dictionary",negative,negative,0.8125852346420288
"wow, such a pos!",negative,positive,0.6554645895957947
is a great app but since the update a couple of days ago i can't get radar to work. tried uninstalling and reinstalling but doesn't work.,positive,neutral,0.7527268528938293
"i hate start up with system, i don't use it frequently",negative,negative,0.8923986554145813
push notifications not working,negative,negative,0.5588139891624451
good combination with acrobat reader. it's quite clear,positive,positive,0.9020863175392151
nice. update it to be more digital. very clear,positive,positive,0.8277150392532349
nice but sometimes hanging,positive,positive,0.6426940560340881
still getting to know it,positive,neutral,0.606684148311615
i use it for reading articles and it's fine. would be useful to be able to open two articles at once for cross reference but otherwise happy with the app,positive,positive,0.8932835459709167
its better than others,neutral,positive,0.6125590801239014
does not work. in play store not listed as trial .come on adobe you stop down loads from your services now products do not work and listed as free we hen really a trial,negative,negative,0.9688471555709839
almost a good editor,positive,positive,0.6771350502967834
not able to download new <url>,neutral,negative,0.8298245072364807
"so i create a pdf using an adobe program, then send it to my phone to see what it looks like, but it won't open! pretty lame if you ask me.",negative,neutral,0.5515010952949524
sometime can't change display picture at asus zenfone <number> . please fix,negative,neutral,0.7800809741020203
really nice concept but on android it just keeps hanging and eventually crashing.,negative,neutral,0.7515894174575806
doesn't work on my phone. always error,negative,negative,0.9599863886833191
slackbot opens every time i start to type a reply in the app. started happening with the last update (note <number> ). why can't we disable slackbot? <number> star until we get this ability.,negative,negative,0.6905366778373718
"complex app that covers all sorts of things related to travelling, maybe too many",positive,positive,0.9127678871154785
great and more awesome,positive,positive,0.8640021681785583
not what i asked for,negative,negative,0.8169863224029541
i wish you would show canadian maps,neutral,neutral,0.5632426142692566
you don't allow to take in-app screenshots?,neutral,negative,0.9221797585487366
how about date birth,negative,neutral,0.6527925729751587
"works great, other then not being able to delete content directly from phone.",neutral,neutral,0.7280992865562439
can't copy/paste or add keyboard to android,negative,neutral,0.7606165409088135
can't even create a account tried more than <number> times,negative,negative,0.965556800365448
fast and good but missing features.,neutral,positive,0.7871876955032349
cannot get rid of floating head in my messages and it's driving me mad. i've had to uninstall the app to get rid of it &gt;:-/,negative,negative,0.8685305118560791
"love this app. i use it to study, but i answered a phone call and it wilted my tree. i can't really help when i receive phone calls. this one had to be answered and now i have to look at a wilted tree in my beautiful forest. i am upsetti spaghetti since i'm a perfectionist",positive,positive,0.5152720212936401
this app is slowly work,neutral,neutral,0.5886363387107849
no instructions on how to delete files/pages viewed.,neutral,neutral,0.6312445998191833
it helps a lot.,positive,positive,0.8403549790382385
"need to improve performance, usablity, and <url>",neutral,positive,0.5024784803390503
multiple image share option is missing,neutral,neutral,0.5325208306312561
"i like the functions, but",neutral,neutral,0.5374441146850586
why don't you just block us all?! =d =d =d,negative,negative,0.7540439963340759
easy to find hotel,neutral,positive,0.8559094667434692
"if unexpected crashes negleted, it is so far the <signature>",positive,positive,0.7578027248382568
used to love it,negative,negative,0.7635068297386169
"i love this app but with the latest update it died when i used a white listed app, and when i checked my whitelist i couldn't scroll through or change anything which was weird. plz fix this and add more trees!",positive,positive,0.5204677581787109
very good mobile phone photo editor,positive,positive,0.8889880776405334
keeps telling u to turn on the access then brings u to the settings page and even aft you check all the boxes doesnt take you back to the app. and continues to keep popping up disrupting phone usage. app doesnt work properly,negative,negative,0.9470862150192261
app is faster but stucks mobile pleas fix it up,positive,neutral,0.6696997284889221
"should have ""seen"" feature",neutral,neutral,0.8197876811027527
"can not zoom in or out, plis fix",neutral,negative,0.6764345765113831
nice idea and interface but finding friends doesn't work on android,neutral,neutral,0.7788252234458923
white list is so frustrating!,negative,negative,0.5993168950080872
need <url> saving to gallery issue adding photo issue,neutral,neutral,0.6888090372085571
the live doppler doesn't work since i updated,negative,negative,0.7229855060577393
very ugly and difficult to use platform. i do not suggest it. very bad,negative,negative,0.9656543135643005
recent update be unstable and loading so late,neutral,negative,0.6576862931251526
would give <number> stars if you blocked the facebook messenger bubble as well,positive,neutral,0.5007667541503906
it's a good overall weather app. do miss the traffic cam.,positive,positive,0.8316221237182617
really hard to navigate.,neutral,negative,0.8857331871986389
they don't refund difference if room is cheaper,negative,neutral,0.5878627300262451
"works most of the time. freezes sometimes while trying to open a document, but just restart the app and it's good to go.",positive,neutral,0.7194151878356934
my friend show me it on tumbler it's amazing <signature>,positive,positive,0.895410418510437
would of gave it <number> stars if i could. i just figured out that this app was using <number> % of my battery life and i never even use the app. sucks really bad.,negative,neutral,0.6325994729995728
"you ruined the icon, we said ok. now you are ruining the background color too. stop changing, no one was complaining!",neutral,negative,0.8009971976280212
should have been a <number> star but why's the android version lacking local adjustments that the ios version has. i can understand that there may be delays among platforms but it's already <number> months behind!,neutral,neutral,0.798984169960022
nothing i want from this app,negative,negative,0.945796012878418
so great until today,negative,negative,0.3444439470767975
it would be nice if it had it on like whatsapp for android but you have to download another app to access that <url> yeah but it's good,positive,neutral,0.5966123938560486
high quality images turns into low quality,neutral,neutral,0.6253819465637207
"it doesnt work, the screen flashes on and off and it wont open",negative,negative,0.9579896926879883
no retract in options,neutral,neutral,0.7861452698707581
last position read somewhat flawed,neutral,neutral,0.641481876373291
get <number> days free trial. nice. to try it i need to be able to access photos that store to my sd card. i do that so i have room on my phones internal drive. waste of time,negative,neutral,0.7410570979118347
does not support to open pwd protected document,neutral,negative,0.8559677600860596
got rid of the irc gateway. this was why we used slack. uninstalled.,negative,negative,0.961824357509613
more theme and customization <url>,positive,positive,0.8755865097045898
some items don't work!,neutral,neutral,0.7564913034439087
map animation still has bug.,negative,neutral,0.5416918396949768
"ignores some files, loads a few others",neutral,neutral,0.7188770174980164
it's not as good as it used to be,neutral,neutral,0.8022820353507996
"good, but needs things",positive,neutral,0.530961275100708
not working properly on samsung galaxy a <number> .,negative,negative,0.939629077911377
views pdfs better then stock app but it doesn't see pdf's on sd card,negative,neutral,0.7873932123184204
no way to get rid of ads on terrible screen layout.,negative,negative,0.9590381383895874
required an account. i want an app to edit pictures on my phone. the online storage and synchronization should be an optional feature; not a requirement.,negative,neutral,0.76924729347229
ok with local weather love the thunder part of the app,positive,positive,0.7005723118782043
trivago the tru app,neutral,neutral,0.4571644961833954
add a floating notification,positive,neutral,0.6319928765296936
why i can not share video on bbm group; too many update but no significant effect,negative,neutral,0.7809496521949768
limited options for search,negative,neutral,0.8393030166625977
good for messaging not for calls,neutral,neutral,0.8133334517478943
"it's available when i need it and it's more accurate than other weather apps i've tried. update(jan <number> ) <url> recent california winter has been crazy, and frankly this app has let me down with inaccurate forecasts for most of it. comparatively, the google now app is more accurate. maybe the sensors in my area are just bad. when it's fixed, i revisit my review.",neutral,neutral,0.5033648610115051
you could add a bit more features. birthmarks scars moles etc,positive,positive,0.6939992904663086
i am using it before <number> years,positive,neutral,0.4465755820274353
like many sites if you visit a chosen hotel more than once or twice the price rises!,neutral,positive,0.8198965191841125
amazing experience so far with this. iam being familiar with it.,positive,positive,0.9114405512809753
doesn't save properly half the time and definitely could use some more filters.,negative,neutral,0.6314175128936768
why is the iphone app so much better!,negative,neutral,0.48378893733024597
"browser not opening sites, it just ideal.",negative,neutral,0.7524016499519348
"continuous crashing, won't even open now.",negative,negative,0.9614019393920898
they forced me to rate them so i docked a star.,neutral,negative,0.9503672122955322
lame. doesnt work for samsung intercept,negative,negative,0.9586833715438843
of mice and man,negative,negative,0.7274815440177917
only thing missing is custom notification,positive,positive,0.5315744876861572
video cant open after click tha video,negative,negative,0.7772743105888367
weather animation has stopped and will not start. has been off nearly <number> weeks.,negative,negative,0.8632087111473083
"i just came here because this app was featured on silicon valley, looks like a great app with an attractive interface.",positive,positive,0.74274080991745
it's okay except for i have a lg phone and it doesn't work that well with the lg phone,positive,neutral,0.8628636002540588
cannot open or detect image file imported from nikon <number> j <number> camera which has .jpeg <url> i had to convert it first or use another photo app editing and save <url> so lightroom could detect the file <url>,neutral,neutral,0.5612261891365051
having trouble downloading the app,negative,neutral,0.5981939435005188
i can't sent it through my messages to my contacts. only through facebook and that is absolutely ridiculous. this app sucks,negative,negative,0.963794469833374
very quickly reservation done.,positive,positive,0.888317346572876
<salutation> please give setting to turn it off,negative,neutral,0.5729126930236816
fantastic app to track lighting! the rest of the app is the same as any other really. but in fairness i do not use the rest of the app.,positive,positive,0.5399775505065918
service is good but app is not much android oriented,neutral,neutral,0.8442796468734741
this app is better,neutral,neutral,0.5063996911048889
the improvement are a lot better but it would be nice to be able to send large mp <number> or mp <number> files via bbm.,positive,positive,0.5699030756950378
viuggg hang with my life in your help me a lot and then you have any attachments may contain information contained herein including attachments if it would love the way i will have been sent me a new one day i was thinking about my life in your,positive,positive,0.6453986763954163
can't get to work for motorola droid,negative,negative,0.9344620704650879
bad for the aap is hanging,neutral,negative,0.9094974398612976
its really <url> though remove the trial days remaining,positive,neutral,0.6106894016265869
horrible radar. constant storm alerts with no storms around,negative,negative,0.9687327742576599
cool idea pain da butt to use then at times wont work <url>,negative,neutral,0.7587673664093018
new update v <number> . <number> crashes all the time,positive,negative,0.8783776760101318
"it's okay (at least, freebies now included) <url>",neutral,neutral,0.7900264859199524
only <number> stars since it will not let me delete any files. please fix.,neutral,neutral,0.7121195793151855
does what it is supposed to do and does it well.,positive,positive,0.7544816136360168
"very useful, but has a few annoyances",positive,positive,0.8189845085144043
can't download <url>,negative,negative,0.8594172596931458
"generally a good pdf viewer. i love the reading mode that reflow text and adjust font for better reading experience. the only problem, or i should call it a bug, is that it seems like this mode hates to see <number> letters ""f"" & ""i"" being together. for words like ""find"", ""first"", ""prefix"", etc. you will see only ""nd"", ""rst"", ""prex"", etc.",positive,positive,0.8834380507469177
no support for paid ad-free version,neutral,negative,0.820807933807373
i like this app,positive,positive,0.7290166616439819
used to use it for studying but after reacent update it won't open. please fix,neutral,negative,0.6496500372886658
last update is a disaster,negative,negative,0.9148341417312622
would be better if emoji's didn't disappear when new ones are added,neutral,neutral,0.7217161655426025
good for basic stuff,neutral,positive,0.6977112293243408
fun but android needs more options!!,neutral,neutral,0.5425848960876465
"the usual mediocre bare bone pdf reader from adobe, totally lacking in functionality. repligo reader is better",negative,neutral,0.6504717469215393
stays open in background,negative,neutral,0.6817425489425659
it's actually helpful.,positive,positive,0.5833711624145508
good enough and satisfied result <url> its quite good aap,neutral,positive,0.7066776156425476
why songs are not downloading from the websites. there is always showing error. whenever i download some song. pls fix this bugg,neutral,neutral,0.5906998515129089
booking is simple and straight forward.,positive,positive,0.7069773077964783
"a really good and practical app, however like every other app it still has room for improvement!",positive,positive,0.9006286859512329
excellent pdf viewer rendered unusable by the inability to jump to a page and by the fact that it doesn't remember where you were or bookmarks.,negative,positive,0.8078960180282593
good site but still faceing issue with hotel even we confirm through app,positive,positive,0.5369299054145813
it took forever to download,neutral,negative,0.6975814700126648
i've started using the lightroom camera to take all my photos in raw (dng) and i've noticed today that while out at <number> : <number> on <number> / <number> / <number> and taking pictures the time and date stamp on the images says <number> : <number> <number> / <number> / <number> . what's all that about? i can't change it so where does it get it's info from? also the preview does not show the correct colour. it does when using the slider but as soon as i let it go the image reverts back to a almost black and white.,neutral,neutral,0.7736415863037109
it's cute for younger people but i use it some. i'm <number> yrs old.,positive,positive,0.80926513671875
"i had login throught google + <url> but i changed my mind and wanted to login through <url> so, i logged out !!! now, i cannot login back. the app is going back to registration page with the option to login to facebook !!! please look into the solution for this !",neutral,negative,0.9155756831169128
please could we have the option to install to sd card. what is the point in having a large sd card if it doesn't even get used,negative,neutral,0.6447403430938721
wont open at all,negative,negative,0.9282855987548828
good stickers allow users to express better. how come i cannot use bbm calls?,neutral,positive,0.6815335750579834
why pr have no radar????,negative,negative,0.5259174704551697
before it can connect even the signal is weak now it needs more signal to connect,neutral,negative,0.5242649912834167
radar maps are all wrong,negative,negative,0.9397923350334167
it is fast downloading app,positive,positive,0.8405284285545349
make it a zoo or fish tank,positive,positive,0.5889691710472107
waah!!! so nice app,positive,positive,0.783392071723938
why pay that price for tablet use,negative,negative,0.7083131670951843
good bit doesn't have the choices in search section for type of rooms such as not-smoking or soundproof ones or double-room etc.,positive,neutral,0.7893366813659668
too slow at times,neutral,neutral,0.6712499260902405
it's very easy to use and all types of format documents easily opened,positive,positive,0.9056522250175476
can not sign in,negative,negative,0.9237887859344482
it makes team communication highly open and accessible,positive,positive,0.9196904897689819
when message is being sent it takes time to be received,neutral,neutral,0.6601309180259705
pretty accurate for the most part i think,positive,positive,0.9099613428115845
spark is about the only good thing,neutral,positive,0.49019792675971985
broke the upload photo feature,negative,negative,0.6558120846748352
best app but suggest download stop,positive,neutral,0.5404514074325562
some hotels are a bit shady,neutral,neutral,0.7811561822891235
its fun to see you're own emoji !,neutral,positive,0.5870978832244873
its not so great as i expected it to be,neutral,neutral,0.8220759034156799
keeps going down n the ads r anoying,negative,neutral,0.4738070070743561
it was good enough until i can't change my display picture,negative,neutral,0.748441219329834
it's a trial. editing feature not impressive.,positive,neutral,0.8050776720046997
love it <url> great job <url>,neutral,positive,0.5601025223731995
used to be good,negative,negative,0.7164894342422485
very good and useful app,positive,positive,0.9197412729263306
"the app will no longer let me delete locations. uninstalled, and reinstalled and they are still there. frustrating.",neutral,negative,0.9270433783531189
"buggy, ambigue and less features",negative,neutral,0.7882770895957947
"this has helped my productivity a lot. i've only recently started experiencing issues with it. before, the app used to count extra time i went without using my phone even after the <number> min mark. it was really gratifying to see how much longer i was able to last + it contributed to my forest and my overall focus count. but now it isn't doing that? so it kind of discourages me from continuing to work past the sound of the timer even if i feel like i could. if it's possible, please do something about that.",neutral,positive,0.5612688660621643
"zooming slow, okay otherwise",neutral,neutral,0.7932596206665039
"fix zoom in attached images! it doesn't work first <number> seconds the image open, and for gif it doesn't work at all. and is that tat hard to add rotation you've ""planned to add"" a year ago? where's a font size setting or guesture scale sor chat?",neutral,neutral,0.513002872467041
when will the local adjustments tool be disponible for android users?? hope it's included on the next actualization !!,positive,neutral,0.5825573801994324
just started using it !,positive,negative,0.6801886558532715
so cute. wish it were easier to access via other apps,positive,positive,0.6354926824569702
really like the way this app has evolved from it's first version. please add android wear notification service asap. its really easy to add and people are badly missing it.,positive,positive,0.8413926959037781
"good on mobile devices ,simply good on move",positive,positive,0.6770466566085815
need to avoid unwanted ads and also enhance the downloading speed. overall nice app.,positive,positive,0.8764083385467529
"i really like this app and is what i go to when i start loosing concentration. i wish there were more stats and plant types, also more beautifully animated and things that change <url>",positive,positive,0.9004502296447754
was <url> now radar broken,negative,negative,0.9056040644645691
booking bait and switch,negative,negative,0.922136127948761
this seems like it would be cool,negative,neutral,0.7018740177154541
cannot see my photo's on device,negative,negative,0.49165114760398865
so far so good!! i love it.,positive,positive,0.8295092582702637
"such an intrusive browser, coming from china. it can't be trusted with your online activities. indians, be aware.",negative,negative,0.9059600830078125
hi i download this app he is the very good app,positive,positive,0.6631439924240112
where is the download process,positive,neutral,0.6183014512062073
brill so easy to use,positive,positive,0.8200809359550476
the app isn't working on the note <number> . i'll update my review if/when it works.,negative,negative,0.865590512752533
"""you have cancelled your entire <url> ""???",negative,negative,0.9448090195655823
it good for local german reports nearly as good as <url>,positive,positive,0.5722019672393799
does what i need it to,neutral,positive,0.8186658024787903
it's good for communication,neutral,positive,0.7679702639579773
it sometimes sends the wrong <url>,neutral,negative,0.5691644549369812
please add the feature of sharpen and blur,neutral,positive,0.7437451481819153
notifications aren't working???,positive,negative,0.47867900133132935
lag while zoom in/out,positive,neutral,0.6183927059173584
had some slowness issues?,positive,neutral,0.7206741571426392
awesome app one of the <signature>,positive,positive,0.908892035484314
it does great and gives accurate weather information,positive,positive,0.9192678928375244
bogus . there are several aps much useful,negative,neutral,0.6544785499572754
'no notifications' doesn't work.,negative,negative,0.9153161644935608
great app for managing hotel reservations on the go. it's also nice to earn rewards for frequent stays. i think this is the <signature>,positive,positive,0.9198755025863647
app keeps crashing. unable to open after latest update.,positive,negative,0.9594355821609497
always update but nothing improve,neutral,neutral,0.7269195914268494
"great concept, poor implementation",neutral,negative,0.774669349193573
contact picture not show.,negative,neutral,0.6642863750457764
canon cr <number> support please,neutral,neutral,0.4677128791809082
this thing is a trap! it will take your money,negative,negative,0.9676241874694824
"the icon re-design is a tremendous eye-sore more fit to be the face of a pharmaceutical firm, and they didnt put any extra effort into making the app on any of the platforms, leaving gaps in design. no dark mode, no voip, no collapsing the sidebar on ios or windows. i use it because my friends do.",negative,neutral,0.6314426064491272
"just need an option to mute notifications (some of us work different timezones and like sleep), other than that it works pretty well!",positive,positive,0.6243513822555542
good for net work download,positive,positive,0.6723321676254272
i want this feature,positive,positive,0.7856207489967346
content rating: low maturity,positive,neutral,0.5849685668945312
this application doesn't work in my handphone,negative,negative,0.9619461297988892
slack chat is good,positive,neutral,0.6256928443908691
i find the user experience superior to other apps.,positive,positive,0.6246920824050903
"great app, needs better ui on reviews",neutral,positive,0.8783363103866577
great new camera in-app,positive,positive,0.8070455193519592
would be <number> <url>,negative,positive,0.4764918088912964
it's a good application,neutral,positive,0.7730477452278137
"five star service, two star app",negative,positive,0.39930376410484314
everytime my phone went on sleep it killed the tree and became completely pointless because i would've had to tap my phone every <number> seconds to keep it from locking and killing the tree.,negative,negative,0.9705581665039062
bbm isnt the <signature>,neutral,neutral,0.7252810597419739
can you please give a little speed more on download,neutral,positive,0.5230191349983215
need support for .cr <number> format,positive,neutral,0.7739043235778809
"unecessarily complicated and cumbersome. it's so difficult to create new workspaces and move people from one to another. if you don't have someone's email address memorized, good luck! this app has a long way to go to be truly useful every day. in addition to the above, notifications are a bit of a nightmare. i've missed out on a lot of critical messages because notifications just don't work when they need to. i've run out of room for feedback but i could go <url>",negative,neutral,0.7033680081367493
i'm surprised hdr is not supported on the huawei nexus <number> p. i realize it is isn't as new as the pixels but it's still a pretty fast phone.,neutral,neutral,0.67217618227005
where is the bookmarks?,neutral,neutral,0.4710829555988312
"love this app, developers have been brilliant at fixing bugs and the feedback system is great!",neutral,positive,0.8226322531700134
i want to give this app <number> <url>,negative,negative,0.6794870495796204
cant even sign in or sign up,negative,negative,0.9582000970840454
"very nice weather app. would like to see more detail on air quality, pollen, etc",positive,positive,0.9077768325805664
simple to use. nice option to search via map,positive,positive,0.8377285003662109
what a huge step backwards for useability.,negative,positive,0.547951877117157
it is what it is!,neutral,neutral,0.4223066568374634
"+pinch zoom, +++reflow text, --render speed on scroll, ---should find all pdf including dowloaded by browser, --no search, ---no images in reflow",negative,negative,0.6749313473701477
this app keeps killing my tree whenever i off my <url> this is so bad. i ended up kore time restarting the timer.,negative,negative,0.9694164991378784
website offers better and more search options.,negative,positive,0.5723180770874023
i love this browser,positive,positive,0.3760477602481842
not always perfectly accurate. i like the hourly forecast.,positive,positive,0.7488296031951904
mobile notifications not working,neutral,negative,0.7300553321838379
cannot unlock password protected ebooks. can't even interact with links or buttons. worthless for password protected ebooks.,negative,negative,0.9639724493026733
this app is an nice good for everything i need but they are problems u must fix,positive,positive,0.7752279043197632
getting worse than before,neutral,negative,0.610646665096283
it's easier and efficient,positive,positive,0.8661608099937439
"what the mobile developers do not understand is: do not ever ever change the application icon! the icon shape and color are used to quickly identify an app between other dozen apps. that's how the brain works! moreover, an update only for the app icon? where is the video recording option? i use slack daily (it's the main chat / video conferencing solution where i work) and you can simply cannot record meetings!",negative,negative,0.7344413995742798
"cute and accurate, but no long hair",neutral,positive,0.8085057735443115
used to work. not anymore,negative,negative,0.9191382527351379
an outstanding way of communication with the team.,positive,positive,0.9319415092468262
internet is better than this because,neutral,neutral,0.6189765334129333
"sucks. force close, pdf never opens. htc hero.",negative,negative,0.9665993452072144
"i like it just wish tht we had more choices for the avatar and the body shapes were more womenly, besides that i think it's great!",neutral,positive,0.8943303823471069
was great when it worked,negative,negative,0.6318108439445496
update has ruined functionality. now difficult to search rooms for <number> people etc. terrible terrible terrible!,negative,negative,0.9712812900543213
would like it better if you could use this app in fb <url>,neutral,neutral,0.5230808258056641
great app with potential.,positive,positive,0.9125407934188843
handles small pdf files really well. needs bookmarks.,neutral,positive,0.5056112408638
why not a mobile web version ??!!?!,negative,neutral,0.5139002799987793
"i love this app, the ui is nice and smooth, no bugs what-so-ever, and it knows when i press the home button and enter another app. (turn on advanced something in the settings) looks very smooth, and it works as it should! the problem is, i can't lock my phone without killing the tree, and it wastes the battery. that's pretty much my only complaint! (i'm fairly new to the app, and i heard that when your forest gets full, that you can't put in anymore trees. if so, please let the forest expand as well.)",positive,positive,0.8302403092384338
i was addicted to game and other stuff my personal work ratio was too down and this app really help <url> !,positive,positive,0.7154113054275513
stuck in update mode,negative,negative,0.6043962836265564
while downloading music it goes to play store .,neutral,neutral,0.6509321928024292
can't append it to sd card when updated in htc wildfire,negative,negative,0.6138451099395752
free emoticons are <url> good,neutral,neutral,0.634819746017456
"i could plant the tree while watching youtube , no different than clash of clans",negative,neutral,0.5256549119949341
bbm cant connect properly,negative,negative,0.868182361125946
"it would be cooler if you could mix and match the pants, shoes, shirts, jackets, etc. instead of having to choose from predetermined outfits. i want to make my own outfit!",positive,positive,0.7785795331001282
"works fine, too many ads",positive,neutral,0.5955077409744263
they okay good on the <number> day forecast.!,neutral,positive,0.5852185487747192
"when it works, it's good. but far too many crashes on my galaxy tab s <number> .",neutral,neutral,0.7970425486564636
terrible it now no longer works the way it used to. it was the <signature>,negative,negative,0.9696551561355591
push notifications not reliable,positive,neutral,0.7819607853889465
went out and can't access it ny more. what happened. says i have <number> go thru fb or my email and i have <number> sign up and in wen i've been using it <number> the past <number> months. what happened!,neutral,negative,0.950480043888092
to set a profile picture is very frustrating as the current set up/method cuts out most of the picture. this really should be adjusted.,neutral,neutral,0.7127912640571594
i liked <url> this is very useful,positive,positive,0.781923770904541
if your not using this to book your loosing out,neutral,negative,0.8823608160018921
"the app keeps asking me to rate it despite me constantly telling it ""no"" so i'm rating it <number> star out of spite and partially because they don't actually follow the choices they give you.",negative,neutral,0.5946721434593201
"uc browser is a fantastic browser application. the team behind the creation of this application have all done a wonderful job. keep it up as you continue to improve upon this great application. however, i wish to suggest that option to be able to send applications in speed mode { facebook, twitter etc} to phone desktop/home screen be incorporated into this application. secondly, make it possible to be able to select and set desired audio file as alert tones for applications like facebook etc. we therefore look forward to seeing these options in your next update sir. <signature>",neutral,positive,0.8445219397544861
"battery drain, battery drain, battery drain",negative,negative,0.890523374080658
won't open raw files,negative,negative,0.8928763270378113
force closes on samsung moment w/android v <number> . <number>,negative,negative,0.7862054109573364
not as good as desktop app .too slow while navigaring to different channels amd personal chats.,neutral,neutral,0.6880585551261902
weather is nice and shows precipitation also,positive,positive,0.6198462843894958
"won't let me add locations, other than that, works well.",neutral,neutral,0.8120948672294617
note <number> <url> of nov <number> th.,negative,neutral,0.5047668814659119
rooms sold not always available,neutral,neutral,0.5606866478919983
please add a feature!,neutral,positive,0.6714833378791809
so many ads r coming i hate this app,negative,negative,0.9664421677589417
it does what it's supposed to.,positive,neutral,0.638672411441803
it really sucks that disabling wysisyg in the settings does not work. i want my input freedom.,negative,negative,0.8438769578933716
it's a decent app,positive,neutral,0.576202929019928
have issue on redmi note <number>,neutral,neutral,0.6575397849082947
"i would give it <number> , but it keeps stopping when converting text to pdf",positive,neutral,0.7949358820915222
very good for me,positive,positive,0.8860418200492859
"app whitelisting doesn't work, everything works fine when whitelisting is turned off (tree withers when i exit the app) but when it's on, i can access any app without the tree dying, not just the whitelisted ones. i've also turned on the advanced detection mode, does not help.",neutral,negative,0.5852789282798767
"this ""use"" to be the greatest weather app right up until <url> latest update froze radar animation and i don't get alerts until i open the app. deleting and going to find a better app.",negative,negative,0.5699031352996826
"it does its job, but asking each time to rate the app is infuriating",neutral,neutral,0.7857915759086609
my weatherbug now tells me im <number> towns away. reported <url> they told me i was dumb basically.,negative,negative,0.8512134552001953
crude humor supports the deteriorating morals of society. not acceptable,negative,neutral,0.520023763179779
after installed the browser <url> phone will hang and some unwanted program to be automatically <url> will affect on <url>,negative,negative,0.8490808606147766
some update or something makes this wonderful app crash. please remedy the issue!!!,neutral,positive,0.7024513483047485
love it but easy on the ads pls,positive,positive,0.7469388842582703
"for all those whose trees are not withering, turn off whitelist mode",neutral,neutral,0.5428612232208252
"i really enjoy this app, it's been quite helpful. however, though it counts the time you exceed the preset goal you don't get any extra trees/bushes. this means that i sometimes go over my time focus goal, but only see one lonely tree for my efforts. good bit of a bummer. otherwise, love the app.",positive,positive,0.886733889579773
not as accurate at weather channel but i like that i can choose the radar location.,positive,positive,0.8851913809776306
i prefer the blackberry version to the android version. or maybe i've not discovered all the tricks here.,neutral,neutral,0.546471893787384
great! so much potential!,positive,positive,0.8754724264144897
can't use bbm after update,negative,negative,0.5159555673599243
on getting the latest update the app stopped working all of a sudden. i use samsung galaxy s <number> . please see what has gone wrong. i tried reinstalling the app too. didn't work.,negative,negative,0.9480394124984741
very very slow even on nexus one,negative,negative,0.9392101168632507
like the old version better,positive,neutral,0.6260740160942078
stop asking me to rate every time i launch the app.,negative,negative,0.7516933083534241
lots of force closes on galaxy s.,negative,negative,0.6823778748512268
needs more of the core lightroom features,neutral,neutral,0.6458492875099182
"great app, just a few things that need addressed. i can no longer ""purchase"" additional trees and i have the $. it says forbidden after taking a while to load. i've uninstalled and reinstalled, running on the most current app and android os <number> . <number> , droid turbo <number> .",neutral,positive,0.7122392058372498
please add live radar widget!,positive,neutral,0.533443808555603
can't quickly link to specific page or bookmark. sucks. quick office is much better for reading pdfs.,negative,neutral,0.7943177819252014
it dose not let you do anything,negative,negative,0.8357527852058411
hourly doesn't match the <number> day,neutral,negative,0.6282249689102173
it's a good app,positive,positive,0.5821319222450256
good app edit picture,positive,positive,0.5377007722854614
can't bookmark the page! it's hard to read an e-book and remember the page number. i will delete.,negative,negative,0.5742315053939819
use for fast download,positive,positive,0.8388046026229858
used to be the <signature>,negative,negative,0.6918932795524597
better than most. quick and easy,positive,positive,0.9139400720596313
"not fast in sending and receiving messages, the app needs to be worked on.",negative,neutral,0.6395730376243591
local adjustment not appearing,positive,neutral,0.779944658279419
used to be great,negative,negative,0.7997083067893982
just got it <url> fingers crossed,neutral,neutral,0.4491960108280182
best pic editing <url>,positive,positive,0.7935371994972229
no bookmark or jump page. doesnt remember where i was when closed,negative,negative,0.8541009426116943
"good. only complaint is that sometimes the location on my lock screen is not my current location, but a random one from my saved places.",positive,positive,0.6259938478469849
for the older version,neutral,neutral,0.5935247540473938
"this app is pretty good, but i wish i could use this in my normal keyboard and i hope that it will be animated and have a transparent background",positive,positive,0.7049980163574219
it's very accurate and good,positive,positive,0.9057177901268005
loved it till i got a new phone,negative,negative,0.4192696511745453
works ok but crashes when i rotate my archos <number> .,neutral,neutral,0.8512617945671082
bloats <number> megs needs to be movable to <url>,negative,neutral,0.6119164824485779
shares the way it wants without permission,negative,neutral,0.6097039580345154
external storage for cache,neutral,neutral,0.6817289590835571
the radar map is practically useless now,negative,negative,0.9700837135314941
will not select the correct current location.,negative,neutral,0.5928767323493958
cant edit my avatar and cant log in!!,negative,negative,0.9277977347373962
this is worse than what we call pathetic when it comes to mobile app.,negative,negative,0.9648598432540894
updated to make it worst,negative,negative,0.9385594725608826
the trees do not die when i leave the app which is what the app was supposed to do should i have left the app to use other apps like ig or youtube,negative,negative,0.6237082481384277
new version is a major step back,negative,positive,0.4585650861263275
awesome and secure app,positive,positive,0.8847230672836304
awful app. really awful.,negative,negative,0.9675425291061401
would rate <number> <url>,negative,neutral,0.5132981538772583
"makes an incredibly annoying and loud clicking sound through the speakers whenever you take a photo, with no ability to disable it.",neutral,negative,0.5350198149681091
it's nice but some problems r there,neutral,neutral,0.5147944092750549
have used it for years,positive,positive,0.7701549530029297
hope it supports split screen,positive,neutral,0.5403181314468384
good app to <url> i alwayz prefer uc browser to <url>,positive,neutral,0.6461650133132935
some issues but otherwise excellent,positive,positive,0.651361882686615
"this app is great, allows you to edit raw files, and almost has all the same options as a desktop/laptop version. the only thing i would really love to see is a brush setting, really all it needs for <number> stars in my books!",positive,positive,0.8998919129371643
basic stuff done well,neutral,positive,0.7308552861213684
unfriendly to free users,negative,negative,0.9606977105140686
crashed my phone twice in a row doing nothing more then trying to read a <url>,negative,negative,0.9489040374755859
has become unreliable and very inaccurate. loved it and now will get rid of because of terrible forecasts.,negative,negative,0.9569944143295288
still no group contacts like old bbm,negative,neutral,0.7623964548110962
"slow loading, double notifications",neutral,neutral,0.6334090828895569
i love this app but sometimes it is really lagging.,positive,neutral,0.5792320370674133
freezes when opening pdfs. useless. root droid <number> . <number>,negative,negative,0.9715691804885864
"really nice app ,with grt way to analyse yr productivity",positive,positive,0.8750943541526794
great but one major problem,positive,positive,0.7388590574264526
this program needs to be able to jump to specific pages in the pdf. i have a <number> page set of blueprints in need to access multiple times daily. fix,negative,neutral,0.5168052911758423
something went wrong before i could access this app. immediately <url> viruses needed.,negative,negative,0.8435071706771851
last update problem when search number adults,negative,neutral,0.567413866519928
very good app very easy,positive,positive,0.9127784967422485
it's good app and doesn't contain virus,positive,neutral,0.7771492600440979
please add widgets for slack,positive,positive,0.7783910036087036
add hdr support for htc <number> please!,neutral,positive,0.6101821660995483
"suddenly it's killing all my trees it's was working perfectly, but now i keep getting a ""unknown app'",negative,neutral,0.6092543005943298
well <url> you need access to my files and my camera ? looks like an insecure joke. i 'll install once we are back to serious.,negative,neutral,0.7607164978981018
this app is <url> not as expected,negative,negative,0.814588189125061
please add remind me option,neutral,positive,0.8335443735122681
"original user interface, very usable.",positive,neutral,0.6999775767326355
i use this site for booking over night stays when going on holiday. good hotel and great staff.,positive,positive,0.9168788194656372
can't access my account,negative,negative,0.9524686932563782
very useful to find non-chain hotels--saving lots of money when all you need is a clean room and a servicable bed.,positive,positive,0.922591507434845
"love it, something for almost every occasion!",positive,positive,0.8712486028671265
doesn't format text correctly,neutral,neutral,0.5181832313537598
"despite all these new pdf readers, this app provides very good benefits",positive,positive,0.7999264001846313
love it but hate it,neutral,neutral,0.512932300567627
great application. efficient way to browse and book accommodation.,neutral,positive,0.931596040725708
great mutch eadier than website. quick and convenient,positive,positive,0.9052878618240356
excellent. not needing any permissions is cool.,neutral,positive,0.8607584834098816
"works pretty good, nice to finally have this on android.",positive,positive,0.882893443107605
to boring and to many adds,negative,negative,0.5661653876304626
reply from notification and remove bbm channels,neutral,neutral,0.6360107660293579
love the app but current temperature doesn't stay in the notification bar even though i have it set to go the settings. please fix. i have to constantly open the app for current temp.,positive,neutral,0.48964089155197144
i like it . works great,neutral,positive,0.9047752022743225
it's good for documents viewings and managing.,positive,positive,0.8401105403900146
it's good but not too much <url> it's working well,positive,neutral,0.5758026242256165
pic porn on ads,negative,negative,0.8378682732582092
dope! i wish there was a batch deletion feature.,positive,negative,0.5449443459510803
"worked great for years but now it double posts everything i send on my chromebook. love it on every other <url> iphone, mac. i hope this is fixed in the next <url> !",neutral,positive,0.6100639700889587
"sering error, but it's fine. still working",positive,neutral,0.6131740212440491
full of bugs. i can claim the reward but my coins doesn't increase at all????,negative,negative,0.6454076766967773
reliable when signal is good,positive,positive,0.6201679110527039
love it and hate it.,neutral,negative,0.7607961893081665
would be good if you could delete after finished!,neutral,neutral,0.694710373878479
works for me. only one i ever use.,positive,positive,0.5574755668640137
error <url> do not work. i'm having <number> . <number> . <number> <url> still not working .,negative,negative,0.9459666609764099
it is very good but it needs more options on the facial features and the body motifications,positive,positive,0.7912778854370117
takes up <number> percent of the <url> saves everything u <url> good for a <url> have motorola droid.,negative,neutral,0.7049923539161682
nice <url> was using this <url> information for news and latest updates,neutral,positive,0.691487729549408
"the whitelist doesn't <url> no matter what i do, my tree dies.",neutral,negative,0.8757121562957764
"good app, but lacking android wear (and thus pebble) support. i prefer google hangouts to slack because of this missing functionality.",neutral,neutral,0.549102246761322
great but too much phone access,neutral,positive,0.5237058401107788
if you can't offer better pricing you're useless,negative,negative,0.9336257576942444
seriously your ad blocker never works everytime i go to movies site pop up ads pop ups every second very irritating don't <url> u will never get good surfing experience,negative,negative,0.8878164291381836
minimize category and bbm group user friendly,positive,neutral,0.5357515215873718
it doesn't save the last page you were on. it's annoying.,neutral,neutral,0.8108073472976685
please add something which shows you how long you've worked for each day and maybe a graph for comparing different working times,neutral,positive,0.8366466760635376
not bad better than other,positive,neutral,0.5522584319114685
i like the radar and spark. i work outside so that helps. the temp though? <url> but i guess that's what you get when trying to predict the actions of the most volatile woman in existence. mother nature of course.,neutral,positive,0.8527361154556274
why it is asking to download uc browser when i am going to download song and i don't want to download uc browser,negative,negative,0.5742089152336121
"awesome app!! it helps me a <url> i think it will be better if it had a <url> like we can time when it will start <url> sometimes i like to use my phone a lot. like before bed or using my phone at <url> smting like that. if you had the timer, we can set our work time so we would not play phones at certain <url> but still this app is great!!",positive,positive,0.8583446145057678
good app but <url>,neutral,neutral,0.6910198926925659
does the job it aims to do,neutral,positive,0.800756573677063
ridiculous. why the hell i cannot move it to memory card?,negative,negative,0.9576476216316223
download error problem network gone after network connected again donwload doesn't resume,neutral,negative,0.5932736396789551
"i would give this app more stars if it weren't for the inability to get an overview of the total number of hours sunk into each tag rather than just a percentage, extend the amount of time you want on the fly and to filter by multiple tags vs either only one or all at the moment.",neutral,positive,0.7641130685806274
"its cool, i love it",neutral,positive,0.7241986989974976
warning. bad apps. this apps cheat ur money on cancelation,negative,negative,0.9670456051826477
please fix!! then <number> stars,negative,negative,0.49516066908836365
it's ok this apps,positive,neutral,0.7905348539352417
please add support for links inside pdf! great app but i really miss that feature!!,neutral,positive,0.8237114548683167
weatherbug was better <number> years back than it is now. i do not like the last few updates. the maps not as good especially showing cloud cover with storms or without. the layers is really sib par from the way it was. now for the last <number> days its shutting down for no reason,neutral,neutral,0.5799754858016968
uc helpful but it's have many bad <url>,positive,neutral,0.6821471452713013
it tells me what i need to know,positive,positive,0.7110028862953186
addicted to phone? this is the app,positive,negative,0.8991474509239197
works well but beware the enormous memory use for data. if this could be stored on sd card then i would give <number> stars. as it is may have to uninstall.,neutral,neutral,0.5938869714736938
nice app for viewing documents!!! have been using it since many years!,positive,positive,0.9105571508407593
doesn't have a logout option,positive,neutral,0.5985047817230225
enlarge capacity for sending video,neutral,neutral,0.593317449092865
"it needs to have color, hairstyles and have character friends we pick on the lists to be in emojis too. plus can we have clothes come from video games and movies. plz",positive,positive,0.7941724061965942
excellent considering all i want is pdf reader. but confused why such a basic thing like bookmarks is missing! the page nav good but never accurate,neutral,positive,0.7318187952041626
very funny! it crashes in my s <number> edge+,negative,negative,0.5931166410446167
cant book in alantic city nj,negative,negative,0.6828768253326416
learnt about it hope it is going to be <url>,neutral,positive,0.5396131873130798
i think it is cool because you can use it for anything and could make stories etc.,positive,positive,0.723652184009552
"so powerful, yet so limited.",neutral,neutral,0.6772997379302979
i really like this app. have a lot of fun with it when i send text messages. haven't had any problems with it.,neutral,positive,0.8956438302993774
new icon is really lame. looks like google <url> hahaha. binit,negative,negative,0.9159926176071167
easy and convenient to use,positive,positive,0.9226442575454712
holy data <url> people please!,negative,negative,0.5364465117454529
screw you slack for arbitrarily forcing everyone on mobile to download this utterly superfluous client while your services run well in browser.,negative,negative,0.9677639603614807
sometime. . force close hard launch,neutral,neutral,0.716918408870697
"slow, and hang when zoom",negative,neutral,0.5420780181884766
"the app is really good. i find it really fun but i suggest that you guys add piercings, birthmarks, beauty marks and things like that, maybe even allow more then two bitmoji characters. other than that, the app is really good",positive,positive,0.8534608483314514
"would pay extra to get the ads to go away. otherwise, very good.",neutral,positive,0.51841801404953
beware making fool and cheating beware,negative,negative,0.967102587223053
what happened to the paid version?,negative,negative,0.8843265771865845
good <number> st version - htc one m <number>,positive,positive,0.5358123183250427
great app use it to store music in,positive,positive,0.9006028175354004
"could use a bit of <url> other than that, great concept and idea!",neutral,positive,0.7306466102600098
more customizable than the other guy but not as complete as i'd like,positive,positive,0.6086969375610352
"i always like this app since i used my old curve. but the ads kill me, hahahaha.",positive,neutral,0.5803570747375488
"what a crappy app. rim can do much betta than this. wanted to give it a zero star but that option ain't available, i wonder why.",negative,negative,0.911950409412384
it's a good app . it saved my mobile from getting virus into my mobile,positive,positive,0.7345889210700989
it's really nice !!!,neutral,positive,0.7663911581039429
"the prices are super high. like,the great <url> a billionaire could pay, but they would be poor afterwards. don't use!",negative,negative,0.9257779121398926
"great local forecast, maybe because i live near their headquarters. it works great when i travels as well.",positive,positive,0.9094857573509216
not very compatible with pomodoro technique,neutral,neutral,0.801292359828949
very useful and reliable app. documents are available offline which i find very convenient,positive,positive,0.9317746758460999
too many ads! hate it,negative,negative,0.9672999382019043
good but i don't like this app becouse of that annoying ads please remove this <url>,negative,neutral,0.7926490306854248
improve android app please,neutral,neutral,0.5512760281562805
not happy over my profile picture,neutral,negative,0.7836508750915527
foxit reader is more convenient,positive,neutral,0.7164764404296875
"cute, simple and motivating!",positive,positive,0.9190757870674133
good but could be better,positive,neutral,0.7809460759162903
"one of the essential apps, but imperfectly realized in android",positive,neutral,0.5062451362609863
like it but too much ads,positive,neutral,0.7292568683624268
still very lame. can't open pdfs that are image scans. cmon adobe. really?,negative,negative,0.9186987280845642
"after unable to launch get fixed in the update last night, all my past <number> days history is gone <url> all my lemon <url> this how the developer improve performance? very <url>",negative,negative,0.8405831456184387
you better call it off. useless.,negative,negative,0.9677550196647644
as good as the web version,positive,positive,0.5058112144470215
just updated bbm and all of my chat history disappeared! need a way to restore it. pls fix it.,neutral,negative,0.8685106039047241
<salutation> can't even open password protected files. waste of time and memory,negative,negative,0.967909038066864
i dont understand this ap,neutral,negative,0.944506824016571
its a very good app,positive,positive,0.7489482164382935
good website for hotels. plenty of options and many with free cancellation.,positive,positive,0.8700711131095886
bad very very bad. in all website you have ads <url> is <url> <url> bad things <url> <url>,negative,negative,0.9695377945899963
claims app <number> sd but <url> no option to move from phone to sd card. it's a <number> +mb app. htc di <number> . <number>,neutral,neutral,0.5367844104766846
"unnecessary app, please kill it.",negative,negative,0.9667629599571228
my favorite way to communicate,positive,positive,0.8926655650138855
quickly opens up the pdf <url> and very user friendly,positive,positive,0.8665164709091187
force closed after update,neutral,negative,0.8168491721153259
this app is nice for safe <url>,neutral,positive,0.596737265586853
brings so much important info to my phone in an easy to use format.,positive,positive,0.8578920960426331
very nice and helpful app,positive,positive,0.9179694056510925
don't send fake news,neutral,negative,0.8338674306869507
it asks for login every time i start it and that is very annoying. on my ipad it does not behave that way.,neutral,negative,0.5486951470375061
update <url> bisa copy comment di picture group <url> info bagaimana cara copy coment nya?,negative,negative,0.45886778831481934
"good so far on phone, afraid to install on laptop, had a older version that wouldn't go away and had constant ads and pop-ups",positive,neutral,0.5294683575630188
this app is far too big.,negative,negative,0.8802688121795654
this is a good app,positive,positive,0.6128819584846497
"i'm heard about security concerns related to this browser, can u explain it?",neutral,neutral,0.6342464089393616
worst app in world,negative,negative,0.9687806963920593
i wish i could make funnies with my friends in them. not just in snapchat. otherwise a very fun app.,positive,positive,0.7078401446342468
its alright but got a long way to go to better repligo. need to be able to skip to chapters and double tap zoom should fit paragraph to screen width,neutral,neutral,0.7366006374359131
just missing an iphone feature.,positive,neutral,0.6959153413772583
not as good as on the blackberry phones doesn't show a red star to let you know you have an unread message unless you open the app,neutral,neutral,0.74153071641922
excellent with some improvements,positive,positive,0.8954794406890869
add fonts and stuff,positive,positive,0.8110095262527466
please add some more features,positive,positive,0.7158411741256714
wish you could choose a friends to be part of the emoji,neutral,neutral,0.6807835698127747
this app is useless. if i hit the home button the app plays in the background of my phone without the tree dying. that literally defeats the entire purpose of the app,negative,negative,0.9717448949813843
now i accepted it,positive,neutral,0.38331910967826843
support for password protected documents.,neutral,positive,0.6250007152557373
discord came out and improved on slack in every way. there is no reason to use this trash anymore.,negative,negative,0.9633586406707764
not anymore waste of time,negative,negative,0.9481509327888489
not able to sign in,negative,negative,0.8663344979286194
edit: i found the lemons and how to kill trees,positive,neutral,0.58100426197052
always eror <url> this app,negative,positive,0.559015154838562
has too much space for ads. premium for login. there are more user friendly ways to monetize your app. the concept is ok but poorly executed,negative,negative,0.5654574632644653
"since using a new update, my htc one x, always not <url>",negative,negative,0.8136430978775024
wpupd give more stars if we could use this app on fb messenger,neutral,neutral,0.5492033362388611
"not more reliable as the desktop app, but it is enough to get by",neutral,neutral,0.7332151532173157
does not open all pdf files that you can open with adobe on the pc. uninstalled.,negative,negative,0.9589117765426636
"really bad. zoom removes text, outer viewmode locks scrolling etc etc",negative,negative,0.9688584208488464
i think the app is ment for book worms and book worms like me love it,neutral,positive,0.7196186184883118
chat app or ads app,negative,negative,0.644813597202301
"good accuracy, clean look and good features.",positive,positive,0.9116510152816772
tree doesn't whether if i leave the app n play game this app sucks,negative,negative,0.8811327219009399
even worse than photoshop,negative,negative,0.8898867964744568
begging for bookmark and copy paste option <url>,neutral,negative,0.6490585207939148
forgets where i was when killed by the system,neutral,negative,0.4970434308052063
very good. am no lonnger using infinix <number> am using mi note and it is very difficut for me to update my mi note phone.,neutral,positive,0.49578654766082764
not easy to use,neutral,neutral,0.5913387537002563
good app but huge filespace,neutral,positive,0.5211604237556458
no substitute for this great secure app for mobile communication in real time,positive,positive,0.48192098736763
not for bald people,negative,neutral,0.6706891059875488
really useful app. totally enjoyed using it. i had downloaded this without many expectations but the simplicity and perfection that this app delivered totally blew me away. hats off to the developers !! keep up the great work !!,positive,positive,0.7364221811294556
"it's a good app overall, but the hourly forecast is totally unreliable. if the amatuers at weather underground can get it right <number> % of the time, why is weatherbug wrong <number> % of the time? c'mon folks, it's obviously do-able, so please try putting in the effort to get it right in the future (or at least check out the weather underground site and copy their work).",neutral,positive,0.5823686718940735
so so. like other apps in the play store. nothing special.,neutral,neutral,0.7661377787590027
the standard tool for exchanging documents online,positive,positive,0.9006816744804382
please fix some bug n i will give u <number> star,neutral,positive,0.5450535416603088
great app over all,positive,positive,0.8625788688659668
the app is interactive and has all the required functions.,positive,positive,0.7367998361587524
it's ok but the follow me is crap,neutral,neutral,0.8440291881561279
update every <number> minutes,neutral,negative,0.5407370924949646
"i have installed and uninstalled repeated this several times, all it wants to do is update continuously. i can't use it at all.",negative,negative,0.9576197266578674
used battery most show identity,negative,neutral,0.5237030386924744
should have more filtering options. should stop nagging for a review when you've already posted one.,neutral,neutral,0.8336849212646484
"after reservation want to add rooms but app just crash, keep loading",negative,negative,0.8112943768501282
lost in the translation,negative,neutral,0.4524121880531311
new version is much slower than the last. loading messages and channels feels sluggish and tedious.,negative,neutral,0.8074471354484558
where did the precipitation amounts go?,negative,neutral,0.5267261862754822
"it's nice, but it would be great there'd be some piercings",positive,positive,0.7196961641311646
it's a good app,positive,positive,0.5821319222450256
good but could be better,positive,neutral,0.7809460759162903
last update hosed app,negative,negative,0.8832285404205322
"it keeps crashing. i like yet very annoying to keep <url> , weather stopped working.",neutral,neutral,0.5028725266456604
the app would be better if you let us use calculator and <url> bcoz sometimes while studying you have to google something <url> just a suggestion.,neutral,neutral,0.7022096514701843
"i love the amount of data and the warnings. however in the last <number> months the application has failed to work often at least once a day. if this issue could be solved, i would give the app <number> stars.",neutral,positive,0.8105525970458984
you just need to add box braids as a hairstyle,positive,positive,0.8617007732391357
its nice to receive anything,positive,positive,0.6524710655212402
this app is awful,negative,negative,0.9716275930404663
"bummer! now i am a former usser!!!! no-ads weatherbug, where are you? hello?",negative,negative,0.6490731239318848
good for an <url>,neutral,neutral,0.6382471919059753
this is very bad,neutral,negative,0.9660855531692505
doesnt work on the gs <number>,negative,negative,0.9296420216560364
too much ads not good for kids,neutral,negative,0.49841341376304626
not working properly in android above <number> . <number>,positive,negative,0.9422237873077393
slow sometimes especially during video and audio calls. the app just hangs and stops working.,positive,neutral,0.8356878757476807
if i could alter the apps appearance to allow for inverted colour schemes i would give it <number> stars other than that this is a brilliant app.,positive,positive,0.8549841046333313
one of the <signature>,neutral,positive,0.8905885815620422
"it's not working for me, i'm using samsung tab <number> mini, it's asking for confirmation of date of birth",negative,negative,0.8843586444854736
"i can use other app meanwhile timer is running , so no use waste app",negative,negative,0.6826663613319397
app is up to date and easy to read.,positive,positive,0.8227354884147644
"do not waste your time. if u think u can save the earth but no, you have to buy premium first to plant trees. absolute a waste timer",negative,negative,0.9685659408569336
sluggish compared to other pdf readers but renders well.,neutral,neutral,0.6014018654823303
"i don't need this, but i'm sure someone will need it.",positive,neutral,0.7803117036819458
"really fast, good and probably the <signature>",positive,positive,0.9196581840515137
"my team, tired of waiting for a department driven initiative for collaboration tools, decided to start using this for ourselves. it's been a great experience so far - quicker responses, easy file sharing, organising social outings and reaching out to the whole team at once etc. the <signature>",positive,positive,0.9093306660652161
bad uploaded pic display,negative,negative,0.9192774295806885
i like this app is very useful,neutral,positive,0.8403107523918152
"i was not able to open the app even after reinstalling it twice so instead i installed ""flip flop"" app which is also a similar app",negative,negative,0.835180401802063
what's with all the new permissions?,negative,negative,0.6680015325546265
the new automatic markdown feature sucks!!! and you cannot turn it off,negative,negative,0.6928504705429077
now it use very long time for export photo.,negative,positive,0.8732497096061707
can't import pictures,negative,negative,0.7419933080673218
i love it but for some reason it doesn't work well on my samsung. if it worked better with my phone a higher rating,neutral,positive,0.5125988721847534
did more things to say and more holiday,neutral,positive,0.551317572593689
can not open edited images on my galaxy note <number>,negative,negative,0.6433954834938049
the confirmation details is not shown on <number> rd party screen. not useful if i have to inform <number> rd party of the confirmation details.,neutral,neutral,0.7781144380569458
never sends the correct emoji.,negative,negative,0.5994054079055786
please add save image setting,positive,positive,0.49351075291633606
i cant run the app after new update!!!,neutral,negative,0.959904670715332
ads thats the only thing spoiling this <url> bcz ads are source of income <url> lose this app the source ur getting ads,negative,negative,0.9389767646789551
i have had this app for a while and it works really well,negative,positive,0.8214812278747559
mostly good except- sucks too much background data and not freindly to my battery . should shut itself down.,neutral,neutral,0.8271058201789856
"fairly accurate, wish the radar would update a little quicker",positive,positive,0.8648744225502014
what's up with it?,negative,negative,0.5328112840652466
up browser is <signature>,positive,positive,0.41176509857177734
nice app but i can't highlight my text i pressed that longer but it couldn't work please check this out,positive,neutral,0.5347517728805542
love it but the radar needs future time,positive,neutral,0.6256154179573059
itss ok but not good at <url>,neutral,neutral,0.8212394118309021
animation does not work. really disappointed. use everyday for work. moving on to the weather channel app. never fails.,negative,negative,0.9493155479431152
"maybe if the app followed material design guidelines, i would have rated it <number> stars. the controls are based on ios, so it's not easy to find your way, but overall it's a good photo app.",positive,positive,0.5410304069519043
new layout v <number>,positive,neutral,0.4805157780647278
it does not install,positive,negative,0.9540061950683594
"its amazing app, but unfortunately after the new updation the app forced to close when importing a new photo. so please fix that bug immediately",positive,positive,0.5044642686843872
try hotel tonight - $ <number> free,neutral,negative,0.7209534645080566
"it's like <number> stars for the app, <number> star for new booking assistant. god damn it, how the hell can i just answer the message i got from a property???!!! why do i need to see <number> questions of an assistant instead, that i can not delete and that just mess up all the dialog! hate it. really hate this feature! do like everything else though.",positive,neutral,0.6246457099914551
been a good weather app for me! thumbs up!,positive,neutral,0.6303333044052124
i guess it's <url>,positive,neutral,0.6283184289932251
loved it before update,neutral,negative,0.544755220413208
it is good news app but some improvement required in spelling and language.,positive,positive,0.7343290448188782
"as a frequent user , you should have few options as reward the client should choose between",positive,positive,0.757490336894989
no bookmark or jump to <url> really annoying,negative,negative,0.48048847913742065
app is <url> service sucks,neutral,negative,0.8999104499816895
i can't use web mobile in <url>,negative,negative,0.8999699950218201
the new button is super poopy.,negative,neutral,0.48037421703338623
"i love it, but desperately needs to save last <url> and place within that <url> a bookmarking function!",neutral,positive,0.4699138104915619
"simple to use,in a straight forward easy to understand format. <signature>",positive,positive,0.8930214047431946
i saw no last minute rates as promised on the description.,negative,neutral,0.6404055953025818
if you browse like i do this is a must have. i rated it <number> stars before but now it is becoming a mess. you are killing its reputation with ads. i must wait for few seconds advert to finish before browsing.,neutral,negative,0.9024268388748169
the drawer is old,negative,neutral,0.6715336441993713
what a great messanger. you make us who separated a kilometers away can gather in one place. keep <url>,positive,negative,0.6991811990737915
add text option please,neutral,positive,0.6506527066230774
new logo looks like swastika maybe next time dev team will worked on app ram usage?,negative,neutral,0.6531499624252319
don't use. can't uninstall on tablet,neutral,negative,0.9476364850997925
fast but doesn't allow you to jump to pages no good for big ebooks,neutral,neutral,0.7709506750106812
how can i make a video call??,positive,neutral,0.6141263246536255
easy to use and useful,positive,positive,0.9228989481925964
"i saw this app on engadget and was excited to try it. however, the hdr mode does not work on my phone. i have a samsung galaxy s <number> edge. it is listed as one of the phones that works but the option for hdr is not available on the drop-down menu.",neutral,neutral,0.6981720924377441
i was able to update and view my bookings very easily. very convenient.,positive,positive,0.9133725166320801
"it lost all my progress! i had the cat tree, octopus, etc",negative,negative,0.8653085827827454
best crashes ever!!!! worthless,negative,negative,0.9679000973701477
radar map never loads first try.,neutral,negative,0.8567511439323425
"simple to the massage, i like bbm,cause i can see when the massage have delivered n read .",positive,positive,0.878852903842926
its <url> make something <url>,neutral,neutral,0.5189613103866577
this is my favorite weather app to use. i've used it since i was a teenager. the only problem i have is that the hourly forecast is almost never right which is very inconvenient for me considering i work outside. on the bright side you can look at the radar and pretty much tell what what is gonna hit you.,neutral,positive,0.8757011890411377
cant connect to facebook,neutral,negative,0.9012351036071777
"i like it and think it's super cute and fun, but i wish it had more such as maybe tattoos or piercings and i wish you could create outfits instead of picking an outfit",positive,positive,0.9078075289726257
good for quick edits on the move,positive,positive,0.6875340938568115
why the almost daily updates?,neutral,neutral,0.6189936995506287
terrible. i don't need creative cloud!,negative,negative,0.9694188237190247
sign up form doesn't work and this app doesnt work without an adobe account so it was just a waste of time.,negative,negative,0.9682020545005798
love it but a problem?,positive,positive,0.690647542476654
does what supposed to an as far as forcast go seems good,positive,neutral,0.5711705088615417
i can't import alot of my photos!,neutral,negative,0.7911449670791626
horrible pdf reader. there are much better alternatives.,negative,negative,0.9679878354072571
"it's great that it can read my truck's <number> , <number> page service manual right here on my phone; but i can't find anything if there is no search feature!!",neutral,positive,0.7413213849067688
it does logout of account after closing,positive,neutral,0.48584169149398804
"love it. would be great if you could include options to dodge and burn images, too.",positive,positive,0.8722226023674011
i don't like that i can't attach to a text in gboard. i have to go through bitmoji to send in a text. it is easier to send in iphone and i can't do friendmojis,positive,neutral,0.8191400170326233
"does not work on the captivate at <url> very disapointed, it just says it has failed to read found files.",negative,negative,0.9510462284088135
it's an useful app,positive,positive,0.8290938138961792
is the white house in charge of it?,negative,negative,0.5125101208686829
weather automation doesn't work anymore so it's stupid,negative,negative,0.9269277453422546
some times its just boarding,neutral,neutral,0.7570261359214783
i deplore pdfs of all kinds. <url> the only thing that can read a pdf. but this app does <url> it still sux,negative,neutral,0.574371874332428
installs another app without warning,negative,negative,0.9105671644210815
it's your app so you get to choose your logo. but this new one confusing my son that slack is a game and he is complaining i keep playing this game all the time but have no shame in denying his rights to play games eternally. ps: unable to view old items unless we pay is gross.,neutral,negative,0.7061334252357483
"other parties doin better ""reader n even writer"" than adobe!",negative,neutral,0.6231385469436646
takes too much time to load sometimes,positive,neutral,0.725153923034668
it is an interesting app that uses a lot of memory. but great communication tool,neutral,positive,0.8787416219711304
it's amazing and faster then other <url>,neutral,positive,0.89058518409729
best weather app out there until it stopped working. won't load anything now. please <url>,negative,neutral,0.5827004313468933
will be much better if it has read out <url>,positive,neutral,0.7093763947486877
good overall but seems to have an issue of being unavailable or offline when other weather apps are working just fine providing the same info. <url> radar,positive,positive,0.5277755856513977
does the camera support long exposure?,positive,neutral,0.7153034806251526
i enjoy using it. i just have to play with it more to get more experience,positive,positive,0.8636454343795776
it helps me a lot,positive,positive,0.8541145324707031
not bad at all. great improvement.,positive,positive,0.84312903881073
plenty of unnessary ads,negative,negative,0.5572237372398376
the news feed so annoying please avoid this type of <url> or add a button for stop news <url>,negative,neutral,0.7004222869873047
can be a bit complicated and in your face but it does a good job and is well supported by venues.,positive,positive,0.8625959753990173
i liked it. no reply on mobile though.,positive,neutral,0.6555265188217163
"works perfectly with snapchat, i hope soon it has more goth/alternative outfits and options for piercings and ear spacers. love the new hair options!",positive,positive,0.9271257519721985
"it used to be a <number> star app but not every time i try to open it it crashes, please fix this asap",negative,negative,0.5334309935569763
where's the support?,negative,neutral,0.5361537337303162
i think nice but mobile hang krta h,neutral,positive,0.5825475454330444
please add fonts in this app to write . <signature>,neutral,positive,0.7519698739051819
"worked once, then has never worked again.",negative,negative,0.8789576888084412
fix the radar! what is taking so long? i'm very close to deleting this app for good. i doubt i'm alone!,negative,negative,0.9186258316040039
it is good aap for searching and downloading <url>,positive,positive,0.7111629843711853
while controlling shutter speed whole app is getting freezed.,neutral,negative,0.5564692616462708
"no full language support. what a shame, adobe.",negative,negative,0.9628310799598694
it's nice <url>,neutral,positive,0.5415536165237427
"this app is not at all what i had expected. it is very hard to use. at the beggining, you get small info about one fature of the app. once you start to use it, the purpose just gets confusing, how does the tree grow? is the time a stopclock, a timer, im so confused! please improve this app to be more user friendly!",negative,negative,0.6150926947593689
lost status bar info,neutral,negative,0.619036853313446
it was fine before i was forced to update.,neutral,neutral,0.6728509664535522
